nombre_imagen,id_individuo
1_1.JPG,465
1_1_a1.JPG,466
1_1_a2.JPG,466
1_1_a3.JPG,466
1_1_a4.JPG,466
1_1_ar1.JPG,465
1_1_ar2.JPG,465
1_1_ar3.JPG,465
1_1_ar4.JPG,465
1_1_b1.JPG,465
1_1_b2.JPG,465
1_1_c1.JPG,465
1_1_c2.JPG,465
1_1_c3.JPG,465
1_1_c4.JPG,465
1_1_i1.JPG,465
1_1_i2.JPG,465
1_1_r1.JPG,466
1_1_r2.JPG,466
1_1_r3.JPG,466
1_1_r4.JPG,466
1_2.JPG,467
1_2_a1.JPG,468
1_2_a2.JPG,468
1_2_a3.JPG,468
1_2_a4.JPG,468
1_2_ar1.JPG,467
1_2_ar2.JPG,467
1_2_ar3.JPG,467
1_2_ar4.JPG,467
1_2_b1.JPG,467
1_2_b2.JPG,467
1_2_c1.JPG,467
1_2_c2.JPG,467
1_2_c3.JPG,467
1_2_c4.JPG,467
1_2_i1.JPG,467
1_2_i2.JPG,467
1_2_r1.JPG,468
1_2_r2.JPG,468
1_2_r3.JPG,468
1_2_r4.JPG,468
2_1.JPG,469
2_1_a1.JPG,470
2_1_a2.JPG,470
2_1_a3.JPG,470
2_1_a4.JPG,470
2_1_ar1.JPG,469
2_1_ar2.JPG,469
2_1_ar3.JPG,469
2_1_ar4.JPG,469
2_1_b1.JPG,469
2_1_b2.JPG,469
2_1_c1.JPG,469
2_1_c2.JPG,469
2_1_c3.JPG,469
2_1_c4.JPG,469
2_1_i1.JPG,469
2_1_i2.JPG,469
2_1_r1.JPG,470
2_1_r2.JPG,470
2_1_r3.JPG,470
2_1_r4.JPG,470
2_2.PNG,471
2_2_a1.PNG,472
2_2_a2.PNG,472
2_2_a3.PNG,472
2_2_a4.PNG,472
2_2_ar1.PNG,471
2_2_ar2.PNG,471
2_2_ar3.PNG,471
2_2_ar4.PNG,471
2_2_b1.PNG,471
2_2_b2.PNG,471
2_2_c1.PNG,471
2_2_c2.PNG,471
2_2_c3.PNG,471
2_2_c4.PNG,471
2_2_i1.PNG,471
2_2_i2.PNG,471
2_2_r1.PNG,472
2_2_r2.PNG,472
2_2_r3.PNG,472
2_2_r4.PNG,472
3_1.jpg,473
3_1_a1.jpg,474
3_1_a2.jpg,474
3_1_a3.jpg,474
3_1_a4.jpg,474
3_1_ar1.jpg,473
3_1_ar2.jpg,473
3_1_ar3.jpg,473
3_1_ar4.jpg,473
3_1_b1.jpg,473
3_1_b2.jpg,473
3_1_c1.jpg,473
3_1_c2.jpg,473
3_1_c3.jpg,473
3_1_c4.jpg,473
3_1_i1.jpg,473
3_1_i2.jpg,473
3_1_r1.jpg,474
3_1_r2.jpg,474
3_1_r3.jpg,474
3_1_r4.jpg,474
3_2.jpg,475
3_2_a1.jpg,476
3_2_a2.jpg,476
3_2_a3.jpg,476
3_2_a4.jpg,476
3_2_ar1.jpg,475
3_2_ar2.jpg,475
3_2_ar3.jpg,475
3_2_ar4.jpg,475
3_2_b1.jpg,475
3_2_b2.jpg,475
3_2_c1.jpg,475
3_2_c2.jpg,475
3_2_c3.jpg,475
3_2_c4.jpg,475
3_2_i1.jpg,475
3_2_i2.jpg,475
3_2_r1.jpg,476
3_2_r2.jpg,476
3_2_r3.jpg,476
3_2_r4.jpg,476
4_1.JPG,477
4_1_a1.JPG,478
4_1_a2.JPG,478
4_1_a3.JPG,478
4_1_a4.JPG,478
4_1_ar1.JPG,477
4_1_ar2.JPG,477
4_1_ar3.JPG,477
4_1_ar4.JPG,477
4_1_b1.JPG,477
4_1_b2.JPG,477
4_1_c1.JPG,477
4_1_c2.JPG,477
4_1_c3.JPG,477
4_1_c4.JPG,477
4_1_i1.JPG,477
4_1_i2.JPG,477
4_1_r1.JPG,478
4_1_r2.JPG,478
4_1_r3.JPG,478
4_1_r4.JPG,478
4_2.jpg,479
4_2_a1.jpg,480
4_2_a2.jpg,480
4_2_a3.jpg,480
4_2_a4.jpg,480
4_2_ar1.jpg,479
4_2_ar2.jpg,479
4_2_ar3.jpg,479
4_2_ar4.jpg,479
4_2_b1.jpg,479
4_2_b2.jpg,479
4_2_c1.jpg,479
4_2_c2.jpg,479
4_2_c3.jpg,479
4_2_c4.jpg,479
4_2_i1.jpg,479
4_2_i2.jpg,479
4_2_r1.jpg,480
4_2_r2.jpg,480
4_2_r3.jpg,480
4_2_r4.jpg,480
5_1.jpg,481
5_1_a1.jpg,482
5_1_a2.jpg,482
5_1_a3.jpg,482
5_1_a4.jpg,482
5_1_ar1.jpg,481
5_1_ar2.jpg,481
5_1_ar3.jpg,481
5_1_ar4.jpg,481
5_1_b1.jpg,481
5_1_b2.jpg,481
5_1_c1.jpg,481
5_1_c2.jpg,481
5_1_c3.jpg,481
5_1_c4.jpg,481
5_1_i1.jpg,481
5_1_i2.jpg,481
5_1_r1.jpg,482
5_1_r2.jpg,482
5_1_r3.jpg,482
5_1_r4.jpg,482
6_1.JPG,483
6_1_a1.JPG,484
6_1_a2.JPG,484
6_1_a3.JPG,484
6_1_a4.JPG,484
6_1_ar1.JPG,483
6_1_ar2.JPG,483
6_1_ar3.JPG,483
6_1_ar4.JPG,483
6_1_b1.JPG,483
6_1_b2.JPG,483
6_1_c1.JPG,483
6_1_c2.JPG,483
6_1_c3.JPG,483
6_1_c4.JPG,483
6_1_i1.JPG,483
6_1_i2.JPG,483
6_1_r1.JPG,484
6_1_r2.JPG,484
6_1_r3.JPG,484
6_1_r4.JPG,484
6_2.PNG,485
6_2_a1.PNG,486
6_2_a2.PNG,486
6_2_a3.PNG,486
6_2_a4.PNG,486
6_2_ar1.PNG,485
6_2_ar2.PNG,485
6_2_ar3.PNG,485
6_2_ar4.PNG,485
6_2_b1.PNG,485
6_2_b2.PNG,485
6_2_c1.PNG,485
6_2_c2.PNG,485
6_2_c3.PNG,485
6_2_c4.PNG,485
6_2_i1.PNG,485
6_2_i2.PNG,485
6_2_r1.PNG,486
6_2_r2.PNG,486
6_2_r3.PNG,486
6_2_r4.PNG,486
7_1.jpg,487
7_1_a1.jpg,488
7_1_a2.jpg,488
7_1_a3.jpg,488
7_1_a4.jpg,488
7_1_ar1.jpg,487
7_1_ar2.jpg,487
7_1_ar3.jpg,487
7_1_ar4.jpg,487
7_1_b1.jpg,487
7_1_b2.jpg,487
7_1_c1.jpg,487
7_1_c2.jpg,487
7_1_c3.jpg,487
7_1_c4.jpg,487
7_1_i1.jpg,487
7_1_i2.jpg,487
7_1_r1.jpg,488
7_1_r2.jpg,488
7_1_r3.jpg,488
7_1_r4.jpg,488
8_1.jpg,489
8_1_a1.jpg,490
8_1_a2.jpg,490
8_1_a3.jpg,490
8_1_a4.jpg,490
8_1_ar1.jpg,489
8_1_ar2.jpg,489
8_1_ar3.jpg,489
8_1_ar4.jpg,489
8_1_b1.jpg,489
8_1_b2.jpg,489
8_1_c1.jpg,489
8_1_c2.jpg,489
8_1_c3.jpg,489
8_1_c4.jpg,489
8_1_i1.jpg,489
8_1_i2.jpg,489
8_1_r1.jpg,490
8_1_r2.jpg,490
8_1_r3.jpg,490
8_1_r4.jpg,490
9_1.JPG,491
9_1_a1.JPG,492
9_1_a2.JPG,492
9_1_a3.JPG,492
9_1_a4.JPG,492
9_1_ar1.JPG,491
9_1_ar2.JPG,491
9_1_ar3.JPG,491
9_1_ar4.JPG,491
9_1_b1.JPG,491
9_1_b2.JPG,491
9_1_c1.JPG,491
9_1_c2.JPG,491
9_1_c3.JPG,491
9_1_c4.JPG,491
9_1_i1.JPG,491
9_1_i2.JPG,491
9_1_r1.JPG,492
9_1_r2.JPG,492
9_1_r3.JPG,492
9_1_r4.JPG,492
9_2.jpg,493
9_2_a1.jpg,494
9_2_a2.jpg,494
9_2_a3.jpg,494
9_2_a4.jpg,494
9_2_ar1.jpg,493
9_2_ar2.jpg,493
9_2_ar3.jpg,493
9_2_ar4.jpg,493
9_2_b1.jpg,493
9_2_b2.jpg,493
9_2_c1.jpg,493
9_2_c2.jpg,493
9_2_c3.jpg,493
9_2_c4.jpg,493
9_2_i1.jpg,493
9_2_i2.jpg,493
9_2_r1.jpg,494
9_2_r2.jpg,494
9_2_r3.jpg,494
9_2_r4.jpg,494
9_3.JPG,495
9_3_a1.JPG,496
9_3_a2.JPG,496
9_3_a3.JPG,496
9_3_a4.JPG,496
9_3_ar1.JPG,495
9_3_ar2.JPG,495
9_3_ar3.JPG,495
9_3_ar4.JPG,495
9_3_b1.JPG,495
9_3_b2.JPG,495
9_3_c1.JPG,495
9_3_c2.JPG,495
9_3_c3.JPG,495
9_3_c4.JPG,495
9_3_i1.JPG,495
9_3_i2.JPG,495
9_3_r1.JPG,496
9_3_r2.JPG,496
9_3_r3.JPG,496
9_3_r4.JPG,496
9_4.JPG,497
9_4_a1.JPG,498
9_4_a2.JPG,498
9_4_a3.JPG,498
9_4_a4.JPG,498
9_4_ar1.JPG,497
9_4_ar2.JPG,497
9_4_ar3.JPG,497
9_4_ar4.JPG,497
9_4_b1.JPG,497
9_4_b2.JPG,497
9_4_c1.JPG,497
9_4_c2.JPG,497
9_4_c3.JPG,497
9_4_c4.JPG,497
9_4_i1.JPG,497
9_4_i2.JPG,497
9_4_r1.JPG,498
9_4_r2.JPG,498
9_4_r3.JPG,498
9_4_r4.JPG,498
9_5.JPG,499
9_5_a1.JPG,500
9_5_a2.JPG,500
9_5_a3.JPG,500
9_5_a4.JPG,500
9_5_ar1.JPG,499
9_5_ar2.JPG,499
9_5_ar3.JPG,499
9_5_ar4.JPG,499
9_5_b1.JPG,499
9_5_b2.JPG,499
9_5_c1.JPG,499
9_5_c2.JPG,499
9_5_c3.JPG,499
9_5_c4.JPG,499
9_5_i1.JPG,499
9_5_i2.JPG,499
9_5_r1.JPG,500
9_5_r2.JPG,500
9_5_r3.JPG,500
9_5_r4.JPG,500
10_1.JPG,501
10_1_a1.JPG,502
10_1_a2.JPG,502
10_1_a3.JPG,502
10_1_a4.JPG,502
10_1_ar1.JPG,501
10_1_ar2.JPG,501
10_1_ar3.JPG,501
10_1_ar4.JPG,501
10_1_b1.JPG,501
10_1_b2.JPG,501
10_1_c1.JPG,501
10_1_c2.JPG,501
10_1_c3.JPG,501
10_1_c4.JPG,501
10_1_i1.JPG,501
10_1_i2.JPG,501
10_1_r1.JPG,502
10_1_r2.JPG,502
10_1_r3.JPG,502
10_1_r4.JPG,502
10_2.JPG,503
10_2_a1.JPG,504
10_2_a2.JPG,504
10_2_a3.JPG,504
10_2_a4.JPG,504
10_2_ar1.JPG,503
10_2_ar2.JPG,503
10_2_ar3.JPG,503
10_2_ar4.JPG,503
10_2_b1.JPG,503
10_2_b2.JPG,503
10_2_c1.JPG,503
10_2_c2.JPG,503
10_2_c3.JPG,503
10_2_c4.JPG,503
10_2_i1.JPG,503
10_2_i2.JPG,503
10_2_r1.JPG,504
10_2_r2.JPG,504
10_2_r3.JPG,504
10_2_r4.JPG,504
10_3.JPG,505
10_3_a1.JPG,506
10_3_a2.JPG,506
10_3_a3.JPG,506
10_3_a4.JPG,506
10_3_ar1.JPG,505
10_3_ar2.JPG,505
10_3_ar3.JPG,505
10_3_ar4.JPG,505
10_3_b1.JPG,505
10_3_b2.JPG,505
10_3_c1.JPG,505
10_3_c2.JPG,505
10_3_c3.JPG,505
10_3_c4.JPG,505
10_3_i1.JPG,505
10_3_i2.JPG,505
10_3_r1.JPG,506
10_3_r2.JPG,506
10_3_r3.JPG,506
10_3_r4.JPG,506
10_4.JPG,507
10_4_a1.JPG,508
10_4_a2.JPG,508
10_4_a3.JPG,508
10_4_a4.JPG,508
10_4_ar1.JPG,507
10_4_ar2.JPG,507
10_4_ar3.JPG,507
10_4_ar4.JPG,507
10_4_b1.JPG,507
10_4_b2.JPG,507
10_4_c1.JPG,507
10_4_c2.JPG,507
10_4_c3.JPG,507
10_4_c4.JPG,507
10_4_i1.JPG,507
10_4_i2.JPG,507
10_4_r1.JPG,508
10_4_r2.JPG,508
10_4_r3.JPG,508
10_4_r4.JPG,508
11_1.JPG,509
11_1_a1.JPG,510
11_1_a2.JPG,510
11_1_a3.JPG,510
11_1_a4.JPG,510
11_1_ar1.JPG,509
11_1_ar2.JPG,509
11_1_ar3.JPG,509
11_1_ar4.JPG,509
11_1_b1.JPG,509
11_1_b2.JPG,509
11_1_c1.JPG,509
11_1_c2.JPG,509
11_1_c3.JPG,509
11_1_c4.JPG,509
11_1_i1.JPG,509
11_1_i2.JPG,509
11_1_r1.JPG,510
11_1_r2.JPG,510
11_1_r3.JPG,510
11_1_r4.JPG,510
11_2.JPG,511
11_2_a1.JPG,512
11_2_a2.JPG,512
11_2_a3.JPG,512
11_2_a4.JPG,512
11_2_ar1.JPG,511
11_2_ar2.JPG,511
11_2_ar3.JPG,511
11_2_ar4.JPG,511
11_2_b1.JPG,511
11_2_b2.JPG,511
11_2_c1.JPG,511
11_2_c2.JPG,511
11_2_c3.JPG,511
11_2_c4.JPG,511
11_2_i1.JPG,511
11_2_i2.JPG,511
11_2_r1.JPG,512
11_2_r2.JPG,512
11_2_r3.JPG,512
11_2_r4.JPG,512
11_3.JPG,513
11_3_a1.JPG,514
11_3_a2.JPG,514
11_3_a3.JPG,514
11_3_a4.JPG,514
11_3_ar1.JPG,513
11_3_ar2.JPG,513
11_3_ar3.JPG,513
11_3_ar4.JPG,513
11_3_b1.JPG,513
11_3_b2.JPG,513
11_3_c1.JPG,513
11_3_c2.JPG,513
11_3_c3.JPG,513
11_3_c4.JPG,513
11_3_i1.JPG,513
11_3_i2.JPG,513
11_3_r1.JPG,514
11_3_r2.JPG,514
11_3_r3.JPG,514
11_3_r4.JPG,514
11_4.JPG,515
11_4_a1.JPG,516
11_4_a2.JPG,516
11_4_a3.JPG,516
11_4_a4.JPG,516
11_4_ar1.JPG,515
11_4_ar2.JPG,515
11_4_ar3.JPG,515
11_4_ar4.JPG,515
11_4_b1.JPG,515
11_4_b2.JPG,515
11_4_c1.JPG,515
11_4_c2.JPG,515
11_4_c3.JPG,515
11_4_c4.JPG,515
11_4_i1.JPG,515
11_4_i2.JPG,515
11_4_r1.JPG,516
11_4_r2.JPG,516
11_4_r3.JPG,516
11_4_r4.JPG,516
11_5.JPG,517
11_5_a1.JPG,518
11_5_a2.JPG,518
11_5_a3.JPG,518
11_5_a4.JPG,518
11_5_ar1.JPG,517
11_5_ar2.JPG,517
11_5_ar3.JPG,517
11_5_ar4.JPG,517
11_5_b1.JPG,517
11_5_b2.JPG,517
11_5_c1.JPG,517
11_5_c2.JPG,517
11_5_c3.JPG,517
11_5_c4.JPG,517
11_5_i1.JPG,517
11_5_i2.JPG,517
11_5_r1.JPG,518
11_5_r2.JPG,518
11_5_r3.JPG,518
11_5_r4.JPG,518
11_6.JPG,519
11_6_a1.JPG,520
11_6_a2.JPG,520
11_6_a3.JPG,520
11_6_a4.JPG,520
11_6_ar1.JPG,519
11_6_ar2.JPG,519
11_6_ar3.JPG,519
11_6_ar4.JPG,519
11_6_b1.JPG,519
11_6_b2.JPG,519
11_6_c1.JPG,519
11_6_c2.JPG,519
11_6_c3.JPG,519
11_6_c4.JPG,519
11_6_i1.JPG,519
11_6_i2.JPG,519
11_6_r1.JPG,520
11_6_r2.JPG,520
11_6_r3.JPG,520
11_6_r4.JPG,520
12_1.JPG,521
12_1_a1.JPG,522
12_1_a2.JPG,522
12_1_a3.JPG,522
12_1_a4.JPG,522
12_1_ar1.JPG,521
12_1_ar2.JPG,521
12_1_ar3.JPG,521
12_1_ar4.JPG,521
12_1_b1.JPG,521
12_1_b2.JPG,521
12_1_c1.JPG,521
12_1_c2.JPG,521
12_1_c3.JPG,521
12_1_c4.JPG,521
12_1_i1.JPG,521
12_1_i2.JPG,521
12_1_r1.JPG,522
12_1_r2.JPG,522
12_1_r3.JPG,522
12_1_r4.JPG,522
12_2.JPG,523
12_2_a1.JPG,524
12_2_a2.JPG,524
12_2_a3.JPG,524
12_2_a4.JPG,524
12_2_ar1.JPG,523
12_2_ar2.JPG,523
12_2_ar3.JPG,523
12_2_ar4.JPG,523
12_2_b1.JPG,523
12_2_b2.JPG,523
12_2_c1.JPG,523
12_2_c2.JPG,523
12_2_c3.JPG,523
12_2_c4.JPG,523
12_2_i1.JPG,523
12_2_i2.JPG,523
12_2_r1.JPG,524
12_2_r2.JPG,524
12_2_r3.JPG,524
12_2_r4.JPG,524
12_3.JPG,525
12_3_a1.JPG,526
12_3_a2.JPG,526
12_3_a3.JPG,526
12_3_a4.JPG,526
12_3_ar1.JPG,525
12_3_ar2.JPG,525
12_3_ar3.JPG,525
12_3_ar4.JPG,525
12_3_b1.JPG,525
12_3_b2.JPG,525
12_3_c1.JPG,525
12_3_c2.JPG,525
12_3_c3.JPG,525
12_3_c4.JPG,525
12_3_i1.JPG,525
12_3_i2.JPG,525
12_3_r1.JPG,526
12_3_r2.JPG,526
12_3_r3.JPG,526
12_3_r4.JPG,526
13_1.JPG,527
13_1_a1.JPG,528
13_1_a2.JPG,528
13_1_a3.JPG,528
13_1_a4.JPG,528
13_1_ar1.JPG,527
13_1_ar2.JPG,527
13_1_ar3.JPG,527
13_1_ar4.JPG,527
13_1_b1.JPG,527
13_1_b2.JPG,527
13_1_c1.JPG,527
13_1_c2.JPG,527
13_1_c3.JPG,527
13_1_c4.JPG,527
13_1_i1.JPG,527
13_1_i2.JPG,527
13_1_r1.JPG,528
13_1_r2.JPG,528
13_1_r3.JPG,528
13_1_r4.JPG,528
13_2.JPG,529
13_2_a1.JPG,530
13_2_a2.JPG,530
13_2_a3.JPG,530
13_2_a4.JPG,530
13_2_ar1.JPG,529
13_2_ar2.JPG,529
13_2_ar3.JPG,529
13_2_ar4.JPG,529
13_2_b1.JPG,529
13_2_b2.JPG,529
13_2_c1.JPG,529
13_2_c2.JPG,529
13_2_c3.JPG,529
13_2_c4.JPG,529
13_2_i1.JPG,529
13_2_i2.JPG,529
13_2_r1.JPG,530
13_2_r2.JPG,530
13_2_r3.JPG,530
13_2_r4.JPG,530
14_1.JPG,531
14_1_a1.JPG,532
14_1_a2.JPG,532
14_1_a3.JPG,532
14_1_a4.JPG,532
14_1_ar1.JPG,531
14_1_ar2.JPG,531
14_1_ar3.JPG,531
14_1_ar4.JPG,531
14_1_b1.JPG,531
14_1_b2.JPG,531
14_1_c1.JPG,531
14_1_c2.JPG,531
14_1_c3.JPG,531
14_1_c4.JPG,531
14_1_i1.JPG,531
14_1_i2.JPG,531
14_1_r1.JPG,532
14_1_r2.JPG,532
14_1_r3.JPG,532
14_1_r4.JPG,532
14_2.JPG,533
14_2_a1.JPG,534
14_2_a2.JPG,534
14_2_a3.JPG,534
14_2_a4.JPG,534
14_2_ar1.JPG,533
14_2_ar2.JPG,533
14_2_ar3.JPG,533
14_2_ar4.JPG,533
14_2_b1.JPG,533
14_2_b2.JPG,533
14_2_c1.JPG,533
14_2_c2.JPG,533
14_2_c3.JPG,533
14_2_c4.JPG,533
14_2_i1.JPG,533
14_2_i2.JPG,533
14_2_r1.JPG,534
14_2_r2.JPG,534
14_2_r3.JPG,534
14_2_r4.JPG,534
15_1.JPG,535
15_1_a1.JPG,536
15_1_a2.JPG,536
15_1_a3.JPG,536
15_1_a4.JPG,536
15_1_ar1.JPG,535
15_1_ar2.JPG,535
15_1_ar3.JPG,535
15_1_ar4.JPG,535
15_1_b1.JPG,535
15_1_b2.JPG,535
15_1_c1.JPG,535
15_1_c2.JPG,535
15_1_c3.JPG,535
15_1_c4.JPG,535
15_1_i1.JPG,535
15_1_i2.JPG,535
15_1_r1.JPG,536
15_1_r2.JPG,536
15_1_r3.JPG,536
15_1_r4.JPG,536
15_2.JPG,537
15_2_a1.JPG,538
15_2_a2.JPG,538
15_2_a3.JPG,538
15_2_a4.JPG,538
15_2_ar1.JPG,537
15_2_ar2.JPG,537
15_2_ar3.JPG,537
15_2_ar4.JPG,537
15_2_b1.JPG,537
15_2_b2.JPG,537
15_2_c1.JPG,537
15_2_c2.JPG,537
15_2_c3.JPG,537
15_2_c4.JPG,537
15_2_i1.JPG,537
15_2_i2.JPG,537
15_2_r1.JPG,538
15_2_r2.JPG,538
15_2_r3.JPG,538
15_2_r4.JPG,538
15_3.JPG,539
15_3_a1.JPG,540
15_3_a2.JPG,540
15_3_a3.JPG,540
15_3_a4.JPG,540
15_3_ar1.JPG,539
15_3_ar2.JPG,539
15_3_ar3.JPG,539
15_3_ar4.JPG,539
15_3_b1.JPG,539
15_3_b2.JPG,539
15_3_c1.JPG,539
15_3_c2.JPG,539
15_3_c3.JPG,539
15_3_c4.JPG,539
15_3_i1.JPG,539
15_3_i2.JPG,539
15_3_r1.JPG,540
15_3_r2.JPG,540
15_3_r3.JPG,540
15_3_r4.JPG,540
15_4.JPG,541
15_4_a1.JPG,542
15_4_a2.JPG,542
15_4_a3.JPG,542
15_4_a4.JPG,542
15_4_ar1.JPG,541
15_4_ar2.JPG,541
15_4_ar3.JPG,541
15_4_ar4.JPG,541
15_4_b1.JPG,541
15_4_b2.JPG,541
15_4_c1.JPG,541
15_4_c2.JPG,541
15_4_c3.JPG,541
15_4_c4.JPG,541
15_4_i1.JPG,541
15_4_i2.JPG,541
15_4_r1.JPG,542
15_4_r2.JPG,542
15_4_r3.JPG,542
15_4_r4.JPG,542
15_5.JPG,543
15_5_a1.JPG,544
15_5_a2.JPG,544
15_5_a3.JPG,544
15_5_a4.JPG,544
15_5_ar1.JPG,543
15_5_ar2.JPG,543
15_5_ar3.JPG,543
15_5_ar4.JPG,543
15_5_b1.JPG,543
15_5_b2.JPG,543
15_5_c1.JPG,543
15_5_c2.JPG,543
15_5_c3.JPG,543
15_5_c4.JPG,543
15_5_i1.JPG,543
15_5_i2.JPG,543
15_5_r1.JPG,544
15_5_r2.JPG,544
15_5_r3.JPG,544
15_5_r4.JPG,544
16_1.JPG,545
16_1_a1.JPG,546
16_1_a2.JPG,546
16_1_a3.JPG,546
16_1_a4.JPG,546
16_1_ar1.JPG,545
16_1_ar2.JPG,545
16_1_ar3.JPG,545
16_1_ar4.JPG,545
16_1_b1.JPG,545
16_1_b2.JPG,545
16_1_c1.JPG,545
16_1_c2.JPG,545
16_1_c3.JPG,545
16_1_c4.JPG,545
16_1_i1.JPG,545
16_1_i2.JPG,545
16_1_r1.JPG,546
16_1_r2.JPG,546
16_1_r3.JPG,546
16_1_r4.JPG,546
16_2.JPG,547
16_2_a1.JPG,548
16_2_a2.JPG,548
16_2_a3.JPG,548
16_2_a4.JPG,548
16_2_ar1.JPG,547
16_2_ar2.JPG,547
16_2_ar3.JPG,547
16_2_ar4.JPG,547
16_2_b1.JPG,547
16_2_b2.JPG,547
16_2_c1.JPG,547
16_2_c2.JPG,547
16_2_c3.JPG,547
16_2_c4.JPG,547
16_2_i1.JPG,547
16_2_i2.JPG,547
16_2_r1.JPG,548
16_2_r2.JPG,548
16_2_r3.JPG,548
16_2_r4.JPG,548
17_1.JPG,551
17_10.JPG,549
17_10_a1.JPG,550
17_10_a2.JPG,550
17_10_a3.JPG,550
17_10_a4.JPG,550
17_10_ar1.JPG,549
17_10_ar2.JPG,549
17_10_ar3.JPG,549
17_10_ar4.JPG,549
17_10_b1.JPG,549
17_10_b2.JPG,549
17_10_c1.JPG,549
17_10_c2.JPG,549
17_10_c3.JPG,549
17_10_c4.JPG,549
17_10_i1.JPG,549
17_10_i2.JPG,549
17_10_r1.JPG,550
17_10_r2.JPG,550
17_10_r3.JPG,550
17_10_r4.JPG,550
17_1_a1.JPG,552
17_1_a2.JPG,552
17_1_a3.JPG,552
17_1_a4.JPG,552
17_1_ar1.JPG,551
17_1_ar2.JPG,551
17_1_ar3.JPG,551
17_1_ar4.JPG,551
17_1_b1.JPG,551
17_1_b2.JPG,551
17_1_c1.JPG,551
17_1_c2.JPG,551
17_1_c3.JPG,551
17_1_c4.JPG,551
17_1_i1.JPG,551
17_1_i2.JPG,551
17_1_r1.JPG,552
17_1_r2.JPG,552
17_1_r3.JPG,552
17_1_r4.JPG,552
17_2.JPG,553
17_2_a1.JPG,554
17_2_a2.JPG,554
17_2_a3.JPG,554
17_2_a4.JPG,554
17_2_ar1.JPG,553
17_2_ar2.JPG,553
17_2_ar3.JPG,553
17_2_ar4.JPG,553
17_2_b1.JPG,553
17_2_b2.JPG,553
17_2_c1.JPG,553
17_2_c2.JPG,553
17_2_c3.JPG,553
17_2_c4.JPG,553
17_2_i1.JPG,553
17_2_i2.JPG,553
17_2_r1.JPG,554
17_2_r2.JPG,554
17_2_r3.JPG,554
17_2_r4.JPG,554
17_3.JPG,555
17_3_a1.JPG,556
17_3_a2.JPG,556
17_3_a3.JPG,556
17_3_a4.JPG,556
17_3_ar1.JPG,555
17_3_ar2.JPG,555
17_3_ar3.JPG,555
17_3_ar4.JPG,555
17_3_b1.JPG,555
17_3_b2.JPG,555
17_3_c1.JPG,555
17_3_c2.JPG,555
17_3_c3.JPG,555
17_3_c4.JPG,555
17_3_i1.JPG,555
17_3_i2.JPG,555
17_3_r1.JPG,556
17_3_r2.JPG,556
17_3_r3.JPG,556
17_3_r4.JPG,556
17_4.JPG,557
17_4_a1.JPG,558
17_4_a2.JPG,558
17_4_a3.JPG,558
17_4_a4.JPG,558
17_4_ar1.JPG,557
17_4_ar2.JPG,557
17_4_ar3.JPG,557
17_4_ar4.JPG,557
17_4_b1.JPG,557
17_4_b2.JPG,557
17_4_c1.JPG,557
17_4_c2.JPG,557
17_4_c3.JPG,557
17_4_c4.JPG,557
17_4_i1.JPG,557
17_4_i2.JPG,557
17_4_r1.JPG,558
17_4_r2.JPG,558
17_4_r3.JPG,558
17_4_r4.JPG,558
17_5.JPG,559
17_5_a1.JPG,560
17_5_a2.JPG,560
17_5_a3.JPG,560
17_5_a4.JPG,560
17_5_ar1.JPG,559
17_5_ar2.JPG,559
17_5_ar3.JPG,559
17_5_ar4.JPG,559
17_5_b1.JPG,559
17_5_b2.JPG,559
17_5_c1.JPG,559
17_5_c2.JPG,559
17_5_c3.JPG,559
17_5_c4.JPG,559
17_5_i1.JPG,559
17_5_i2.JPG,559
17_5_r1.JPG,560
17_5_r2.JPG,560
17_5_r3.JPG,560
17_5_r4.JPG,560
17_6.JPG,561
17_6_a1.JPG,562
17_6_a2.JPG,562
17_6_a3.JPG,562
17_6_a4.JPG,562
17_6_ar1.JPG,561
17_6_ar2.JPG,561
17_6_ar3.JPG,561
17_6_ar4.JPG,561
17_6_b1.JPG,561
17_6_b2.JPG,561
17_6_c1.JPG,561
17_6_c2.JPG,561
17_6_c3.JPG,561
17_6_c4.JPG,561
17_6_i1.JPG,561
17_6_i2.JPG,561
17_6_r1.JPG,562
17_6_r2.JPG,562
17_6_r3.JPG,562
17_6_r4.JPG,562
17_7.JPG,563
17_7_a1.JPG,564
17_7_a2.JPG,564
17_7_a3.JPG,564
17_7_a4.JPG,564
17_7_ar1.JPG,563
17_7_ar2.JPG,563
17_7_ar3.JPG,563
17_7_ar4.JPG,563
17_7_b1.JPG,563
17_7_b2.JPG,563
17_7_c1.JPG,563
17_7_c2.JPG,563
17_7_c3.JPG,563
17_7_c4.JPG,563
17_7_i1.JPG,563
17_7_i2.JPG,563
17_7_r1.JPG,564
17_7_r2.JPG,564
17_7_r3.JPG,564
17_7_r4.JPG,564
17_8.JPG,565
17_8_a1.JPG,566
17_8_a2.JPG,566
17_8_a3.JPG,566
17_8_a4.JPG,566
17_8_ar1.JPG,565
17_8_ar2.JPG,565
17_8_ar3.JPG,565
17_8_ar4.JPG,565
17_8_b1.JPG,565
17_8_b2.JPG,565
17_8_c1.JPG,565
17_8_c2.JPG,565
17_8_c3.JPG,565
17_8_c4.JPG,565
17_8_i1.JPG,565
17_8_i2.JPG,565
17_8_r1.JPG,566
17_8_r2.JPG,566
17_8_r3.JPG,566
17_8_r4.JPG,566
17_9.JPG,567
17_9_a1.JPG,568
17_9_a2.JPG,568
17_9_a3.JPG,568
17_9_a4.JPG,568
17_9_ar1.JPG,567
17_9_ar2.JPG,567
17_9_ar3.JPG,567
17_9_ar4.JPG,567
17_9_b1.JPG,567
17_9_b2.JPG,567
17_9_c1.JPG,567
17_9_c2.JPG,567
17_9_c3.JPG,567
17_9_c4.JPG,567
17_9_i1.JPG,567
17_9_i2.JPG,567
17_9_r1.JPG,568
17_9_r2.JPG,568
17_9_r3.JPG,568
17_9_r4.JPG,568
18_1.jpg,569
18_1_a1.jpg,570
18_1_a2.jpg,570
18_1_a3.jpg,570
18_1_a4.jpg,570
18_1_ar1.jpg,569
18_1_ar2.jpg,569
18_1_ar3.jpg,569
18_1_ar4.jpg,569
18_1_b1.jpg,569
18_1_b2.jpg,569
18_1_c1.jpg,569
18_1_c2.jpg,569
18_1_c3.jpg,569
18_1_c4.jpg,569
18_1_i1.jpg,569
18_1_i2.jpg,569
18_1_r1.jpg,570
18_1_r2.jpg,570
18_1_r3.jpg,570
18_1_r4.jpg,570
18_2.jpg,571
18_2_a1.jpg,572
18_2_a2.jpg,572
18_2_a3.jpg,572
18_2_a4.jpg,572
18_2_ar1.jpg,571
18_2_ar2.jpg,571
18_2_ar3.jpg,571
18_2_ar4.jpg,571
18_2_b1.jpg,571
18_2_b2.jpg,571
18_2_c1.jpg,571
18_2_c2.jpg,571
18_2_c3.jpg,571
18_2_c4.jpg,571
18_2_i1.jpg,571
18_2_i2.jpg,571
18_2_r1.jpg,572
18_2_r2.jpg,572
18_2_r3.jpg,572
18_2_r4.jpg,572
19_1.JPG,153
19_1_a1.JPG,154
19_1_a2.JPG,154
19_1_a3.JPG,154
19_1_a4.JPG,154
19_1_ar1.JPG,153
19_1_ar2.JPG,153
19_1_ar3.JPG,153
19_1_ar4.JPG,153
19_1_b1.JPG,153
19_1_b2.JPG,153
19_1_c1.JPG,153
19_1_c2.JPG,153
19_1_c3.JPG,153
19_1_c4.JPG,153
19_1_i1.JPG,153
19_1_i2.JPG,153
19_1_r1.JPG,154
19_1_r2.JPG,154
19_1_r3.JPG,154
19_1_r4.JPG,154
19_2.JPG,155
19_2_a1.JPG,156
19_2_a2.JPG,156
19_2_a3.JPG,156
19_2_a4.JPG,156
19_2_ar1.JPG,155
19_2_ar2.JPG,155
19_2_ar3.JPG,155
19_2_ar4.JPG,155
19_2_b1.JPG,155
19_2_b2.JPG,155
19_2_c1.JPG,155
19_2_c2.JPG,155
19_2_c3.JPG,155
19_2_c4.JPG,155
19_2_i1.JPG,155
19_2_i2.JPG,155
19_2_r1.JPG,156
19_2_r2.JPG,156
19_2_r3.JPG,156
19_2_r4.JPG,156
20_1.JPG,157
20_1_a1.JPG,158
20_1_a2.JPG,158
20_1_a3.JPG,158
20_1_a4.JPG,158
20_1_ar1.JPG,157
20_1_ar2.JPG,157
20_1_ar3.JPG,157
20_1_ar4.JPG,157
20_1_b1.JPG,157
20_1_b2.JPG,157
20_1_c1.JPG,157
20_1_c2.JPG,157
20_1_c3.JPG,157
20_1_c4.JPG,157
20_1_i1.JPG,157
20_1_i2.JPG,157
20_1_r1.JPG,158
20_1_r2.JPG,158
20_1_r3.JPG,158
20_1_r4.JPG,158
20_2.JPG,159
20_2_a1.JPG,160
20_2_a2.JPG,160
20_2_a3.JPG,160
20_2_a4.JPG,160
20_2_ar1.JPG,159
20_2_ar2.JPG,159
20_2_ar3.JPG,159
20_2_ar4.JPG,159
20_2_b1.JPG,159
20_2_b2.JPG,159
20_2_c1.JPG,159
20_2_c2.JPG,159
20_2_c3.JPG,159
20_2_c4.JPG,159
20_2_i1.JPG,159
20_2_i2.JPG,159
20_2_r1.JPG,160
20_2_r2.JPG,160
20_2_r3.JPG,160
20_2_r4.JPG,160
21_1.JPG,161
21_1_a1.JPG,162
21_1_a2.JPG,162
21_1_a3.JPG,162
21_1_a4.JPG,162
21_1_ar1.JPG,161
21_1_ar2.JPG,161
21_1_ar3.JPG,161
21_1_ar4.JPG,161
21_1_b1.JPG,161
21_1_b2.JPG,161
21_1_c1.JPG,161
21_1_c2.JPG,161
21_1_c3.JPG,161
21_1_c4.JPG,161
21_1_i1.JPG,161
21_1_i2.JPG,161
21_1_r1.JPG,162
21_1_r2.JPG,162
21_1_r3.JPG,162
21_1_r4.JPG,162
21_2.JPG,163
21_2_a1.JPG,164
21_2_a2.JPG,164
21_2_a3.JPG,164
21_2_a4.JPG,164
21_2_ar1.JPG,163
21_2_ar2.JPG,163
21_2_ar3.JPG,163
21_2_ar4.JPG,163
21_2_b1.JPG,163
21_2_b2.JPG,163
21_2_c1.JPG,163
21_2_c2.JPG,163
21_2_c3.JPG,163
21_2_c4.JPG,163
21_2_i1.JPG,163
21_2_i2.JPG,163
21_2_r1.JPG,164
21_2_r2.JPG,164
21_2_r3.JPG,164
21_2_r4.JPG,164
21_3.JPG,165
21_3_a1.JPG,166
21_3_a2.JPG,166
21_3_a3.JPG,166
21_3_a4.JPG,166
21_3_ar1.JPG,165
21_3_ar2.JPG,165
21_3_ar3.JPG,165
21_3_ar4.JPG,165
21_3_b1.JPG,165
21_3_b2.JPG,165
21_3_c1.JPG,165
21_3_c2.JPG,165
21_3_c3.JPG,165
21_3_c4.JPG,165
21_3_i1.JPG,165
21_3_i2.JPG,165
21_3_r1.JPG,166
21_3_r2.JPG,166
21_3_r3.JPG,166
21_3_r4.JPG,166
21_4.JPG,167
21_4_a1.JPG,168
21_4_a2.JPG,168
21_4_a3.JPG,168
21_4_a4.JPG,168
21_4_ar1.JPG,167
21_4_ar2.JPG,167
21_4_ar3.JPG,167
21_4_ar4.JPG,167
21_4_b1.JPG,167
21_4_b2.JPG,167
21_4_c1.JPG,167
21_4_c2.JPG,167
21_4_c3.JPG,167
21_4_c4.JPG,167
21_4_i1.JPG,167
21_4_i2.JPG,167
21_4_r1.JPG,168
21_4_r2.JPG,168
21_4_r3.JPG,168
21_4_r4.JPG,168
22_1.JPG,169
22_1_a1.JPG,170
22_1_a2.JPG,170
22_1_a3.JPG,170
22_1_a4.JPG,170
22_1_ar1.JPG,169
22_1_ar2.JPG,169
22_1_ar3.JPG,169
22_1_ar4.JPG,169
22_1_b1.JPG,169
22_1_b2.JPG,169
22_1_c1.JPG,169
22_1_c2.JPG,169
22_1_c3.JPG,169
22_1_c4.JPG,169
22_1_i1.JPG,169
22_1_i2.JPG,169
22_1_r1.JPG,170
22_1_r2.JPG,170
22_1_r3.JPG,170
22_1_r4.JPG,170
22_2.JPG,171
22_2_a1.JPG,172
22_2_a2.JPG,172
22_2_a3.JPG,172
22_2_a4.JPG,172
22_2_ar1.JPG,171
22_2_ar2.JPG,171
22_2_ar3.JPG,171
22_2_ar4.JPG,171
22_2_b1.JPG,171
22_2_b2.JPG,171
22_2_c1.JPG,171
22_2_c2.JPG,171
22_2_c3.JPG,171
22_2_c4.JPG,171
22_2_i1.JPG,171
22_2_i2.JPG,171
22_2_r1.JPG,172
22_2_r2.JPG,172
22_2_r3.JPG,172
22_2_r4.JPG,172
23_1.jpg,173
23_1_a1.jpg,174
23_1_a2.jpg,174
23_1_a3.jpg,174
23_1_a4.jpg,174
23_1_ar1.jpg,173
23_1_ar2.jpg,173
23_1_ar3.jpg,173
23_1_ar4.jpg,173
23_1_b1.jpg,173
23_1_b2.jpg,173
23_1_c1.jpg,173
23_1_c2.jpg,173
23_1_c3.jpg,173
23_1_c4.jpg,173
23_1_i1.jpg,173
23_1_i2.jpg,173
23_1_r1.jpg,174
23_1_r2.jpg,174
23_1_r3.jpg,174
23_1_r4.jpg,174
23_2.jpg,175
23_2_a1.jpg,176
23_2_a2.jpg,176
23_2_a3.jpg,176
23_2_a4.jpg,176
23_2_ar1.jpg,175
23_2_ar2.jpg,175
23_2_ar3.jpg,175
23_2_ar4.jpg,175
23_2_b1.jpg,175
23_2_b2.jpg,175
23_2_c1.jpg,175
23_2_c2.jpg,175
23_2_c3.jpg,175
23_2_c4.jpg,175
23_2_i1.jpg,175
23_2_i2.jpg,176
23_2_r1.jpg,176
23_2_r2.jpg,176
23_2_r3.jpg,176
23_2_r4.jpg,176
23_3.jpg,177
23_3_a1.jpg,178
23_3_a2.jpg,178
23_3_a3.jpg,178
23_3_a4.jpg,178
23_3_ar1.jpg,177
23_3_ar2.jpg,177
23_3_ar3.jpg,177
23_3_ar4.jpg,177
23_3_b1.jpg,177
23_3_b2.jpg,177
23_3_c1.jpg,177
23_3_c2.jpg,177
23_3_c3.jpg,177
23_3_c4.jpg,177
23_3_i1.jpg,177
23_3_i2.jpg,177
23_3_r1.jpg,178
23_3_r2.jpg,178
23_3_r3.jpg,178
23_3_r4.jpg,178
24_1.JPG,179
24_1_a1.JPG,180
24_1_a2.JPG,180
24_1_a3.JPG,180
24_1_a4.JPG,180
24_1_ar1.JPG,179
24_1_ar2.JPG,179
24_1_ar3.JPG,179
24_1_ar4.JPG,179
24_1_b1.JPG,179
24_1_b2.JPG,179
24_1_c1.JPG,179
24_1_c2.JPG,179
24_1_c3.JPG,179
24_1_c4.JPG,179
24_1_i1.JPG,179
24_1_i2.JPG,179
24_1_r1.JPG,180
24_1_r2.JPG,180
24_1_r3.JPG,180
24_1_r4.JPG,180
24_2.JPG,181
24_2_a1.JPG,182
24_2_a2.JPG,182
24_2_a3.JPG,182
24_2_a4.JPG,182
24_2_ar1.JPG,181
24_2_ar2.JPG,181
24_2_ar3.JPG,181
24_2_ar4.JPG,181
24_2_b1.JPG,181
24_2_b2.JPG,181
24_2_c1.JPG,181
24_2_c2.JPG,181
24_2_c3.JPG,181
24_2_c4.JPG,181
24_2_i1.JPG,181
24_2_i2.JPG,181
24_2_r1.JPG,182
24_2_r2.JPG,182
24_2_r3.JPG,182
24_2_r4.JPG,182
25_1.jpg,183
25_1_a1.jpg,184
25_1_a2.jpg,184
25_1_a3.jpg,184
25_1_a4.jpg,184
25_1_ar1.jpg,183
25_1_ar2.jpg,183
25_1_ar3.jpg,183
25_1_ar4.jpg,183
25_1_b1.jpg,183
25_1_b2.jpg,183
25_1_c1.jpg,183
25_1_c2.jpg,183
25_1_c3.jpg,183
25_1_c4.jpg,183
25_1_i1.jpg,183
25_1_i2.jpg,183
25_1_r1.jpg,184
25_1_r2.jpg,184
25_1_r3.jpg,184
25_1_r4.jpg,184
25_2.jpg,185
25_2_a1.jpg,186
25_2_a2.jpg,186
25_2_a3.jpg,186
25_2_a4.jpg,186
25_2_ar1.jpg,185
25_2_ar2.jpg,185
25_2_ar3.jpg,185
25_2_ar4.jpg,185
25_2_b1.jpg,185
25_2_b2.jpg,185
25_2_c1.jpg,185
25_2_c2.jpg,185
25_2_c3.jpg,185
25_2_c4.jpg,185
25_2_i1.jpg,185
25_2_i2.jpg,185
25_2_r1.jpg,186
25_2_r2.jpg,186
25_2_r3.jpg,186
25_2_r4.jpg,186
25_3.jpg,187
25_3_a1.jpg,188
25_3_a2.jpg,188
25_3_a3.jpg,188
25_3_a4.jpg,188
25_3_ar1.jpg,187
25_3_ar2.jpg,187
25_3_ar3.jpg,187
25_3_ar4.jpg,187
25_3_b1.jpg,187
25_3_b2.jpg,187
25_3_c1.jpg,187
25_3_c2.jpg,187
25_3_c3.jpg,187
25_3_c4.jpg,187
25_3_i1.jpg,187
25_3_i2.jpg,187
25_3_r1.jpg,188
25_3_r2.jpg,188
25_3_r3.jpg,188
25_3_r4.jpg,188
26_1.jpg,189
26_1_a1.jpg,190
26_1_a2.jpg,190
26_1_a3.jpg,190
26_1_a4.jpg,190
26_1_ar1.jpg,189
26_1_ar2.jpg,189
26_1_ar3.jpg,189
26_1_ar4.jpg,189
26_1_b1.jpg,189
26_1_b2.jpg,189
26_1_c1.jpg,189
26_1_c2.jpg,189
26_1_c3.jpg,189
26_1_c4.jpg,189
26_1_i1.jpg,189
26_1_i2.jpg,189
26_1_r1.jpg,190
26_1_r2.jpg,190
26_1_r3.jpg,190
26_1_r4.jpg,190
27_1.jpg,191
27_1_a1.jpg,192
27_1_a2.jpg,192
27_1_a3.jpg,192
27_1_a4.jpg,192
27_1_ar1.jpg,191
27_1_ar2.jpg,191
27_1_ar3.jpg,191
27_1_ar4.jpg,191
27_1_b1.jpg,191
27_1_b2.jpg,191
27_1_c1.jpg,191
27_1_c2.jpg,191
27_1_c3.jpg,191
27_1_c4.jpg,191
27_1_i1.jpg,191
27_1_i2.jpg,191
27_1_r1.jpg,192
27_1_r2.jpg,192
27_1_r3.jpg,192
27_1_r4.jpg,192
28_1.jpg,193
28_1_a1.jpg,194
28_1_a2.jpg,194
28_1_a3.jpg,194
28_1_a4.jpg,194
28_1_ar1.jpg,193
28_1_ar2.jpg,193
28_1_ar3.jpg,193
28_1_ar4.jpg,193
28_1_b1.jpg,193
28_1_b2.jpg,193
28_1_c1.jpg,193
28_1_c2.jpg,193
28_1_c3.jpg,193
28_1_c4.jpg,193
28_1_i1.jpg,193
28_1_i2.jpg,193
28_1_r1.jpg,194
28_1_r2.jpg,194
28_1_r3.jpg,194
28_1_r4.jpg,194
29_1.jpg,195
29_1_a1.jpg,196
29_1_a2.jpg,196
29_1_a3.jpg,196
29_1_a4.jpg,196
29_1_ar1.jpg,195
29_1_ar2.jpg,195
29_1_ar3.jpg,195
29_1_ar4.jpg,195
29_1_b1.jpg,195
29_1_b2.jpg,195
29_1_c1.jpg,195
29_1_c2.jpg,195
29_1_c3.jpg,195
29_1_c4.jpg,195
29_1_i1.jpg,195
29_1_i2.jpg,195
29_1_r1.jpg,196
29_1_r2.jpg,196
29_1_r3.jpg,196
29_1_r4.jpg,196
30_1.jpg,197
30_1_a1.jpg,198
30_1_a2.jpg,198
30_1_a3.jpg,198
30_1_a4.jpg,198
30_1_ar1.jpg,197
30_1_ar2.jpg,197
30_1_ar3.jpg,197
30_1_ar4.jpg,197
30_1_b1.jpg,197
30_1_b2.jpg,197
30_1_c1.jpg,197
30_1_c2.jpg,197
30_1_c3.jpg,197
30_1_c4.jpg,197
30_1_i1.jpg,197
30_1_i2.jpg,197
30_1_r1.jpg,198
30_1_r2.jpg,198
30_1_r3.jpg,198
30_1_r4.jpg,198
31_1.JPG,199
31_1_a1.JPG,200
31_1_a2.JPG,200
31_1_a3.JPG,200
31_1_a4.JPG,200
31_1_ar1.JPG,199
31_1_ar2.JPG,199
31_1_ar3.JPG,199
31_1_ar4.JPG,199
31_1_b1.JPG,199
31_1_b2.JPG,199
31_1_c1.JPG,199
31_1_c2.JPG,199
31_1_c3.JPG,199
31_1_c4.JPG,199
31_1_i1.JPG,199
31_1_i2.JPG,199
31_1_r1.JPG,200
31_1_r2.JPG,200
31_1_r3.JPG,200
31_1_r4.JPG,200
32_1.JPG,201
32_1_a1.JPG,202
32_1_a2.JPG,202
32_1_a3.JPG,202
32_1_a4.JPG,202
32_1_ar1.JPG,201
32_1_ar2.JPG,201
32_1_ar3.JPG,201
32_1_ar4.JPG,201
32_1_b1.JPG,201
32_1_b2.JPG,201
32_1_c1.JPG,201
32_1_c2.JPG,201
32_1_c3.JPG,201
32_1_c4.JPG,201
32_1_i1.JPG,201
32_1_i2.JPG,201
32_1_r1.JPG,202
32_1_r2.JPG,202
32_1_r3.JPG,202
32_1_r4.JPG,202
33_1.JPG,203
33_1_a1.JPG,204
33_1_a2.JPG,204
33_1_a3.JPG,204
33_1_a4.JPG,204
33_1_ar1.JPG,203
33_1_ar2.JPG,203
33_1_ar3.JPG,203
33_1_ar4.JPG,203
33_1_b1.JPG,203
33_1_b2.JPG,203
33_1_c1.JPG,203
33_1_c2.JPG,203
33_1_c3.JPG,203
33_1_c4.JPG,203
33_1_i1.JPG,203
33_1_i2.JPG,203
33_1_r1.JPG,204
33_1_r2.JPG,204
33_1_r3.JPG,204
33_1_r4.JPG,204
34_1.JPG,205
34_1_a1.JPG,206
34_1_a2.JPG,206
34_1_a3.JPG,206
34_1_a4.JPG,206
34_1_ar1.JPG,205
34_1_ar2.JPG,205
34_1_ar3.JPG,205
34_1_ar4.JPG,205
34_1_b1.JPG,205
34_1_b2.JPG,205
34_1_c1.JPG,205
34_1_c2.JPG,205
34_1_c3.JPG,205
34_1_c4.JPG,205
34_1_i1.JPG,205
34_1_i2.JPG,205
34_1_r1.JPG,206
34_1_r2.JPG,206
34_1_r3.JPG,206
34_1_r4.JPG,206
34_2.JPG,207
34_2_a1.JPG,208
34_2_a2.JPG,208
34_2_a3.JPG,208
34_2_a4.JPG,208
34_2_ar1.JPG,207
34_2_ar2.JPG,207
34_2_ar3.JPG,207
34_2_ar4.JPG,207
34_2_b1.JPG,207
34_2_b2.JPG,207
34_2_c1.JPG,207
34_2_c2.JPG,207
34_2_c3.JPG,207
34_2_c4.JPG,207
34_2_i1.JPG,207
34_2_i2.JPG,207
34_2_r1.JPG,208
34_2_r2.JPG,208
34_2_r3.JPG,208
34_2_r4.JPG,208
35_1.JPG,209
35_1_a1.JPG,210
35_1_a2.JPG,210
35_1_a3.JPG,210
35_1_a4.JPG,210
35_1_ar1.JPG,209
35_1_ar2.JPG,209
35_1_ar3.JPG,209
35_1_ar4.JPG,209
35_1_b1.JPG,209
35_1_b2.JPG,209
35_1_c1.JPG,209
35_1_c2.JPG,209
35_1_c3.JPG,209
35_1_c4.JPG,209
35_1_i1.JPG,209
35_1_i2.JPG,209
35_1_r1.JPG,210
35_1_r2.JPG,210
35_1_r3.JPG,210
35_1_r4.JPG,210
36_1.JPG,211
36_1_a1.JPG,212
36_1_a2.JPG,212
36_1_a3.JPG,212
36_1_a4.JPG,212
36_1_ar1.JPG,211
36_1_ar2.JPG,211
36_1_ar3.JPG,211
36_1_ar4.JPG,211
36_1_b1.JPG,211
36_1_b2.JPG,211
36_1_c1.JPG,211
36_1_c2.JPG,211
36_1_c3.JPG,211
36_1_c4.JPG,211
36_1_i1.JPG,211
36_1_i2.JPG,211
36_1_r1.JPG,212
36_1_r2.JPG,212
36_1_r3.JPG,212
36_1_r4.JPG,212
37_1.JPG,213
37_1_a1.JPG,214
37_1_a2.JPG,214
37_1_a3.JPG,214
37_1_a4.JPG,214
37_1_ar1.JPG,213
37_1_ar2.JPG,213
37_1_ar3.JPG,213
37_1_ar4.JPG,213
37_1_b1.JPG,213
37_1_b2.JPG,213
37_1_c1.JPG,213
37_1_c2.JPG,213
37_1_c3.JPG,213
37_1_c4.JPG,213
37_1_i1.JPG,213
37_1_i2.JPG,213
37_1_r1.JPG,214
37_1_r2.JPG,214
37_1_r3.JPG,214
37_1_r4.JPG,214
37_2.JPG,215
37_2_a1.JPG,216
37_2_a2.JPG,216
37_2_a3.JPG,216
37_2_a4.JPG,216
37_2_ar1.JPG,215
37_2_ar2.JPG,215
37_2_ar3.JPG,215
37_2_ar4.JPG,215
37_2_b1.JPG,215
37_2_b2.JPG,215
37_2_c1.JPG,215
37_2_c2.JPG,215
37_2_c3.JPG,215
37_2_c4.JPG,215
37_2_i1.JPG,215
37_2_i2.JPG,215
37_2_r1.JPG,216
37_2_r2.JPG,216
37_2_r3.JPG,216
37_2_r4.JPG,216
38_1.JPG,217
38_1_a1.JPG,218
38_1_a2.JPG,218
38_1_a3.JPG,218
38_1_a4.JPG,218
38_1_ar1.JPG,217
38_1_ar2.JPG,217
38_1_ar3.JPG,217
38_1_ar4.JPG,217
38_1_b1.JPG,217
38_1_b2.JPG,217
38_1_c1.JPG,217
38_1_c2.JPG,217
38_1_c3.JPG,217
38_1_c4.JPG,217
38_1_i1.JPG,217
38_1_i2.JPG,217
38_1_r1.JPG,218
38_1_r2.JPG,218
38_1_r3.JPG,218
38_1_r4.JPG,218
39_1.JPG,219
39_1_a1.JPG,220
39_1_a2.JPG,220
39_1_a3.JPG,220
39_1_a4.JPG,220
39_1_ar1.JPG,219
39_1_ar2.JPG,219
39_1_ar3.JPG,219
39_1_ar4.JPG,219
39_1_b1.JPG,219
39_1_b2.JPG,219
39_1_c1.JPG,219
39_1_c2.JPG,219
39_1_c3.JPG,219
39_1_c4.JPG,219
39_1_i1.JPG,219
39_1_i2.JPG,219
39_1_r1.JPG,220
39_1_r2.JPG,220
39_1_r3.JPG,220
39_1_r4.JPG,220
40_1.JPG,221
40_1_a1.JPG,222
40_1_a2.JPG,222
40_1_a3.JPG,222
40_1_a4.JPG,222
40_1_ar1.JPG,221
40_1_ar2.JPG,221
40_1_ar3.JPG,221
40_1_ar4.JPG,221
40_1_b1.JPG,221
40_1_b2.JPG,221
40_1_c1.JPG,221
40_1_c2.JPG,221
40_1_c3.JPG,221
40_1_c4.JPG,221
40_1_i1.JPG,221
40_1_i2.JPG,221
40_1_r1.JPG,222
40_1_r2.JPG,222
40_1_r3.JPG,222
40_1_r4.JPG,222
41_1.JPG,223
41_1_a1.JPG,224
41_1_a2.JPG,224
41_1_a3.JPG,224
41_1_a4.JPG,224
41_1_ar1.JPG,223
41_1_ar2.JPG,223
41_1_ar3.JPG,223
41_1_ar4.JPG,223
41_1_b1.JPG,223
41_1_b2.JPG,223
41_1_c1.JPG,223
41_1_c2.JPG,223
41_1_c3.JPG,223
41_1_c4.JPG,223
41_1_i1.JPG,223
41_1_i2.JPG,223
41_1_r1.JPG,224
41_1_r2.JPG,224
41_1_r3.JPG,224
41_1_r4.JPG,224
42_1.jpg,225
42_1_a1.jpg,226
42_1_a2.jpg,226
42_1_a3.jpg,226
42_1_a4.jpg,226
42_1_ar1.jpg,225
42_1_ar2.jpg,225
42_1_ar3.jpg,225
42_1_ar4.jpg,225
42_1_b1.jpg,225
42_1_b2.jpg,225
42_1_c1.jpg,225
42_1_c2.jpg,225
42_1_c3.jpg,225
42_1_c4.jpg,225
42_1_i1.jpg,225
42_1_i2.jpg,225
42_1_r1.jpg,226
42_1_r2.jpg,226
42_1_r3.jpg,226
42_1_r4.jpg,226
43_1.JPG,227
43_1_a1.JPG,228
43_1_a2.JPG,228
43_1_a3.JPG,228
43_1_a4.JPG,228
43_1_ar1.JPG,227
43_1_ar2.JPG,227
43_1_ar3.JPG,227
43_1_ar4.JPG,227
43_1_b1.JPG,227
43_1_b2.JPG,227
43_1_c1.JPG,227
43_1_c2.JPG,227
43_1_c3.JPG,227
43_1_c4.JPG,227
43_1_i1.JPG,227
43_1_i2.JPG,227
43_1_r1.JPG,228
43_1_r2.JPG,228
43_1_r3.JPG,228
43_1_r4.JPG,228
44_1.JPG,229
44_1_a1.JPG,230
44_1_a2.JPG,230
44_1_a3.JPG,230
44_1_a4.JPG,230
44_1_ar1.JPG,229
44_1_ar2.JPG,229
44_1_ar3.JPG,229
44_1_ar4.JPG,229
44_1_b1.JPG,229
44_1_b2.JPG,229
44_1_c1.JPG,229
44_1_c2.JPG,229
44_1_c3.JPG,229
44_1_c4.JPG,229
44_1_i1.JPG,229
44_1_i2.JPG,229
44_1_r1.JPG,230
44_1_r2.JPG,230
44_1_r3.JPG,230
44_1_r4.JPG,230
45_1.JPG,231
45_1_a1.JPG,232
45_1_a2.JPG,232
45_1_a3.JPG,232
45_1_a4.JPG,232
45_1_ar1.JPG,231
45_1_ar2.JPG,231
45_1_ar3.JPG,231
45_1_ar4.JPG,231
45_1_b1.JPG,231
45_1_b2.JPG,231
45_1_c1.JPG,231
45_1_c2.JPG,231
45_1_c3.JPG,231
45_1_c4.JPG,231
45_1_i1.JPG,231
45_1_i2.JPG,231
45_1_r1.JPG,232
45_1_r2.JPG,232
45_1_r3.JPG,232
45_1_r4.JPG,232
46_1.jpg,233
46_1_a1.jpg,234
46_1_a2.jpg,234
46_1_a3.jpg,234
46_1_a4.jpg,234
46_1_ar1.jpg,233
46_1_ar2.jpg,233
46_1_ar3.jpg,233
46_1_ar4.jpg,233
46_1_b1.jpg,233
46_1_b2.jpg,233
46_1_c1.jpg,233
46_1_c2.jpg,233
46_1_c3.jpg,233
46_1_c4.jpg,233
46_1_i1.jpg,233
46_1_i2.jpg,233
46_1_r1.jpg,234
46_1_r2.jpg,234
46_1_r3.jpg,234
46_1_r4.jpg,234
47_1.JPG,235
47_1_a1.JPG,236
47_1_a2.JPG,236
47_1_a3.JPG,236
47_1_a4.JPG,236
47_1_ar1.JPG,235
47_1_ar2.JPG,235
47_1_ar3.JPG,235
47_1_ar4.JPG,235
47_1_b1.JPG,235
47_1_b2.JPG,235
47_1_c1.JPG,235
47_1_c2.JPG,235
47_1_c3.JPG,235
47_1_c4.JPG,235
47_1_i1.JPG,235
47_1_i2.JPG,235
47_1_r1.JPG,236
47_1_r2.JPG,236
47_1_r3.JPG,236
47_1_r4.JPG,236
48_1.JPG,237
48_1_a1.JPG,238
48_1_a2.JPG,238
48_1_a3.JPG,238
48_1_a4.JPG,238
48_1_ar1.JPG,237
48_1_ar2.JPG,237
48_1_ar3.JPG,237
48_1_ar4.JPG,237
48_1_b1.JPG,237
48_1_b2.JPG,237
48_1_c1.JPG,237
48_1_c2.JPG,237
48_1_c3.JPG,237
48_1_c4.JPG,237
48_1_i1.JPG,237
48_1_i2.JPG,237
48_1_r1.JPG,238
48_1_r2.JPG,238
48_1_r3.JPG,238
48_1_r4.JPG,238
49_1.JPG,239
49_1_a1.JPG,240
49_1_a2.JPG,240
49_1_a3.JPG,240
49_1_a4.JPG,240
49_1_ar1.JPG,239
49_1_ar2.JPG,239
49_1_ar3.JPG,239
49_1_ar4.JPG,239
49_1_b1.JPG,239
49_1_b2.JPG,239
49_1_c1.JPG,239
49_1_c2.JPG,239
49_1_c3.JPG,239
49_1_c4.JPG,239
49_1_i1.JPG,239
49_1_i2.JPG,239
49_1_r1.JPG,240
49_1_r2.JPG,240
49_1_r3.JPG,240
49_1_r4.JPG,240
50_1.JPG,241
50_1_a1.JPG,242
50_1_a2.JPG,242
50_1_a3.JPG,242
50_1_a4.JPG,242
50_1_ar1.JPG,241
50_1_ar2.JPG,241
50_1_ar3.JPG,241
50_1_ar4.JPG,241
50_1_b1.JPG,241
50_1_b2.JPG,241
50_1_c1.JPG,241
50_1_c2.JPG,241
50_1_c3.JPG,241
50_1_c4.JPG,241
50_1_i1.JPG,241
50_1_i2.JPG,241
50_1_r1.JPG,242
50_1_r2.JPG,242
50_1_r3.JPG,242
50_1_r4.JPG,242
51_1.JPG,243
51_1_a1.JPG,244
51_1_a2.JPG,244
51_1_a3.JPG,244
51_1_a4.JPG,244
51_1_ar1.JPG,243
51_1_ar2.JPG,243
51_1_ar3.JPG,243
51_1_ar4.JPG,243
51_1_b1.JPG,243
51_1_b2.JPG,243
51_1_c1.JPG,243
51_1_c2.JPG,243
51_1_c3.JPG,243
51_1_c4.JPG,243
51_1_i1.JPG,243
51_1_i2.JPG,243
51_1_r1.JPG,244
51_1_r2.JPG,244
51_1_r3.JPG,244
51_1_r4.JPG,244
52_1.JPG,245
52_1_a1.JPG,246
52_1_a2.JPG,246
52_1_a3.JPG,246
52_1_a4.JPG,246
52_1_ar1.JPG,245
52_1_ar2.JPG,245
52_1_ar3.JPG,245
52_1_ar4.JPG,245
52_1_b1.JPG,245
52_1_b2.JPG,245
52_1_c1.JPG,245
52_1_c2.JPG,245
52_1_c3.JPG,245
52_1_c4.JPG,245
52_1_i1.JPG,245
52_1_i2.JPG,245
52_1_r1.JPG,246
52_1_r2.JPG,246
52_1_r3.JPG,246
52_1_r4.JPG,246
53_1.JPG,247
53_1_a1.JPG,248
53_1_a2.JPG,248
53_1_a3.JPG,248
53_1_a4.JPG,248
53_1_ar1.JPG,247
53_1_ar2.JPG,247
53_1_ar3.JPG,247
53_1_ar4.JPG,247
53_1_b1.JPG,247
53_1_b2.JPG,247
53_1_c1.JPG,247
53_1_c2.JPG,247
53_1_c3.JPG,247
53_1_c4.JPG,247
53_1_i1.JPG,247
53_1_i2.JPG,247
53_1_r1.JPG,248
53_1_r2.JPG,248
53_1_r3.JPG,248
53_1_r4.JPG,248
54_1.JPG,249
54_1_a1.JPG,250
54_1_a2.JPG,250
54_1_a3.JPG,250
54_1_a4.JPG,250
54_1_ar1.JPG,249
54_1_ar2.JPG,249
54_1_ar3.JPG,249
54_1_ar4.JPG,249
54_1_b1.JPG,249
54_1_b2.JPG,249
54_1_c1.JPG,249
54_1_c2.JPG,249
54_1_c3.JPG,249
54_1_c4.JPG,249
54_1_i1.JPG,249
54_1_i2.JPG,249
54_1_r1.JPG,250
54_1_r2.JPG,250
54_1_r3.JPG,250
54_1_r4.JPG,250
55_1.jpg,251
55_1_a1.jpg,252
55_1_a2.jpg,252
55_1_a3.jpg,252
55_1_a4.jpg,252
55_1_ar1.jpg,251
55_1_ar2.jpg,251
55_1_ar3.jpg,251
55_1_ar4.jpg,251
55_1_b1.jpg,251
55_1_b2.jpg,251
55_1_c1.jpg,251
55_1_c2.jpg,251
55_1_c3.jpg,251
55_1_c4.jpg,251
55_1_i1.jpg,251
55_1_i2.jpg,251
55_1_r1.jpg,252
55_1_r2.jpg,252
55_1_r3.jpg,252
55_1_r4.jpg,252
56_1.JPG,253
56_1_a1.JPG,254
56_1_a2.JPG,254
56_1_a3.JPG,254
56_1_a4.JPG,254
56_1_ar1.JPG,253
56_1_ar2.JPG,253
56_1_ar3.JPG,253
56_1_ar4.JPG,253
56_1_b1.JPG,253
56_1_b2.JPG,253
56_1_c1.JPG,253
56_1_c2.JPG,253
56_1_c3.JPG,253
56_1_c4.JPG,253
56_1_i1.JPG,253
56_1_i2.JPG,253
56_1_r1.JPG,254
56_1_r2.JPG,254
56_1_r3.JPG,254
56_1_r4.JPG,254
57_1.jpg,255
57_1_a1.jpg,256
57_1_a2.jpg,256
57_1_a3.jpg,256
57_1_a4.jpg,256
57_1_ar1.jpg,255
57_1_ar2.jpg,255
57_1_ar3.jpg,255
57_1_ar4.jpg,255
57_1_b1.jpg,255
57_1_b2.jpg,255
57_1_c1.jpg,255
57_1_c2.jpg,255
57_1_c3.jpg,255
57_1_c4.jpg,255
57_1_i1.jpg,255
57_1_i2.jpg,255
57_1_r1.jpg,256
57_1_r2.jpg,256
57_1_r3.jpg,256
57_1_r4.jpg,256
58_1.JPG,257
58_1_a1.JPG,258
58_1_a2.JPG,258
58_1_a3.JPG,258
58_1_a4.JPG,258
58_1_ar1.JPG,257
58_1_ar2.JPG,257
58_1_ar3.JPG,257
58_1_ar4.JPG,257
58_1_b1.JPG,257
58_1_b2.JPG,257
58_1_c1.JPG,257
58_1_c2.JPG,257
58_1_c3.JPG,257
58_1_c4.JPG,257
58_1_i1.JPG,257
58_1_i2.JPG,257
58_1_r1.JPG,258
58_1_r2.JPG,258
58_1_r3.JPG,258
58_1_r4.JPG,258
59_1.jpg,259
59_1_a1.jpg,260
59_1_a2.jpg,260
59_1_a3.jpg,260
59_1_a4.jpg,260
59_1_ar1.jpg,259
59_1_ar2.jpg,259
59_1_ar3.jpg,259
59_1_ar4.jpg,259
59_1_b1.jpg,259
59_1_b2.jpg,259
59_1_c1.jpg,259
59_1_c2.jpg,259
59_1_c3.jpg,259
59_1_c4.jpg,259
59_1_i1.jpg,259
59_1_i2.jpg,259
59_1_r1.jpg,260
59_1_r2.jpg,260
59_1_r3.jpg,260
59_1_r4.jpg,260
60_1.jpg,261
60_1_a1.jpg,262
60_1_a2.jpg,262
60_1_a3.jpg,262
60_1_a4.jpg,262
60_1_ar1.jpg,261
60_1_ar2.jpg,261
60_1_ar3.jpg,261
60_1_ar4.jpg,261
60_1_b1.jpg,261
60_1_b2.jpg,261
60_1_c1.jpg,261
60_1_c2.jpg,261
60_1_c3.jpg,261
60_1_c4.jpg,261
60_1_i1.jpg,261
60_1_i2.jpg,261
60_1_r1.jpg,262
60_1_r2.jpg,262
60_1_r3.jpg,262
60_1_r4.jpg,262
61_1.JPG,263
61_1_a1.JPG,264
61_1_a2.JPG,264
61_1_a3.JPG,264
61_1_a4.JPG,264
61_1_ar1.JPG,263
61_1_ar2.JPG,263
61_1_ar3.JPG,263
61_1_ar4.JPG,263
61_1_b1.JPG,263
61_1_b2.JPG,263
61_1_c1.JPG,263
61_1_c2.JPG,263
61_1_c3.JPG,263
61_1_c4.JPG,263
61_1_i1.JPG,263
61_1_i2.JPG,263
61_1_r1.JPG,264
61_1_r2.JPG,264
61_1_r3.JPG,264
61_1_r4.JPG,264
62_1.jpg,265
62_1_a1.jpg,266
62_1_a2.jpg,266
62_1_a3.jpg,266
62_1_a4.jpg,266
62_1_ar1.jpg,265
62_1_ar2.jpg,265
62_1_ar3.jpg,265
62_1_ar4.jpg,265
62_1_b1.jpg,265
62_1_b2.jpg,265
62_1_c1.jpg,265
62_1_c2.jpg,265
62_1_c3.jpg,265
62_1_c4.jpg,265
62_1_i1.jpg,265
62_1_i2.jpg,265
62_1_r1.jpg,266
62_1_r2.jpg,266
62_1_r3.jpg,266
62_1_r4.jpg,266
63_1.jpg,267
63_1_a1.jpg,268
63_1_a2.jpg,268
63_1_a3.jpg,268
63_1_a4.jpg,268
63_1_ar1.jpg,267
63_1_ar2.jpg,267
63_1_ar3.jpg,267
63_1_ar4.jpg,267
63_1_b1.jpg,267
63_1_b2.jpg,267
63_1_c1.jpg,267
63_1_c2.jpg,267
63_1_c3.jpg,267
63_1_c4.jpg,267
63_1_i1.jpg,267
63_1_i2.jpg,267
63_1_r1.jpg,268
63_1_r2.jpg,268
63_1_r3.jpg,268
63_1_r4.jpg,268
64_1.JPG,269
64_1_a1.JPG,270
64_1_a2.JPG,270
64_1_a3.JPG,270
64_1_a4.JPG,270
64_1_ar1.JPG,269
64_1_ar2.JPG,269
64_1_ar3.JPG,269
64_1_ar4.JPG,269
64_1_b1.JPG,269
64_1_b2.JPG,269
64_1_c1.JPG,269
64_1_c2.JPG,269
64_1_c3.JPG,269
64_1_c4.JPG,269
64_1_i1.JPG,269
64_1_i2.JPG,269
64_1_r1.JPG,270
64_1_r2.JPG,270
64_1_r3.JPG,270
64_1_r4.JPG,270
65_1.JPG,271
65_1_a1.JPG,272
65_1_a2.JPG,272
65_1_a3.JPG,272
65_1_a4.JPG,272
65_1_ar1.JPG,271
65_1_ar2.JPG,271
65_1_ar3.JPG,271
65_1_ar4.JPG,271
65_1_b1.JPG,271
65_1_b2.JPG,271
65_1_c1.JPG,271
65_1_c2.JPG,271
65_1_c3.JPG,271
65_1_c4.JPG,271
65_1_i1.JPG,271
65_1_i2.JPG,271
65_1_r1.JPG,272
65_1_r2.JPG,272
65_1_r3.JPG,272
65_1_r4.JPG,272
66_1.JPG,273
66_1_a1.JPG,274
66_1_a2.JPG,274
66_1_a3.JPG,274
66_1_a4.JPG,274
66_1_ar1.JPG,273
66_1_ar2.JPG,273
66_1_ar3.JPG,273
66_1_ar4.JPG,273
66_1_b1.JPG,273
66_1_b2.JPG,273
66_1_c1.JPG,273
66_1_c2.JPG,273
66_1_c3.JPG,273
66_1_c4.JPG,273
66_1_i1.JPG,273
66_1_i2.JPG,273
66_1_r1.JPG,274
66_1_r2.JPG,274
66_1_r3.JPG,274
66_1_r4.JPG,274
67_1.jpg,275
67_1_a1.jpg,276
67_1_a2.jpg,276
67_1_a3.jpg,276
67_1_a4.jpg,276
67_1_ar1.jpg,275
67_1_ar2.jpg,275
67_1_ar3.jpg,275
67_1_ar4.jpg,275
67_1_b1.jpg,275
67_1_b2.jpg,275
67_1_c1.jpg,275
67_1_c2.jpg,275
67_1_c3.jpg,275
67_1_c4.jpg,275
67_1_i1.jpg,275
67_1_i2.jpg,275
67_1_r1.jpg,276
67_1_r2.jpg,276
67_1_r3.jpg,276
67_1_r4.jpg,276
68_1.JPG,277
68_1_a1.JPG,278
68_1_a2.JPG,278
68_1_a3.JPG,278
68_1_a4.JPG,278
68_1_ar1.JPG,277
68_1_ar2.JPG,277
68_1_ar3.JPG,277
68_1_ar4.JPG,277
68_1_b1.JPG,277
68_1_b2.JPG,277
68_1_c1.JPG,277
68_1_c2.JPG,277
68_1_c3.JPG,277
68_1_c4.JPG,277
68_1_i1.JPG,277
68_1_i2.JPG,277
68_1_r1.JPG,278
68_1_r2.JPG,278
68_1_r3.JPG,278
68_1_r4.JPG,278
69_1.JPG,279
69_1_a1.JPG,280
69_1_a2.JPG,280
69_1_a3.JPG,280
69_1_a4.JPG,280
69_1_ar1.JPG,279
69_1_ar2.JPG,279
69_1_ar3.JPG,279
69_1_ar4.JPG,279
69_1_b1.JPG,279
69_1_b2.JPG,279
69_1_c1.JPG,279
69_1_c2.JPG,279
69_1_c3.JPG,279
69_1_c4.JPG,279
69_1_i1.JPG,279
69_1_i2.JPG,279
69_1_r1.JPG,280
69_1_r2.JPG,280
69_1_r3.JPG,280
69_1_r4.JPG,280
70_1.JPG,281
70_1_a1.JPG,282
70_1_a2.JPG,282
70_1_a3.JPG,282
70_1_a4.JPG,282
70_1_ar1.JPG,281
70_1_ar2.JPG,281
70_1_ar3.JPG,281
70_1_ar4.JPG,281
70_1_b1.JPG,281
70_1_b2.JPG,281
70_1_c1.JPG,281
70_1_c2.JPG,281
70_1_c3.JPG,281
70_1_c4.JPG,281
70_1_i1.JPG,281
70_1_i2.JPG,281
70_1_r1.JPG,282
70_1_r2.JPG,282
70_1_r3.JPG,282
70_1_r4.JPG,282
71_1.JPG,283
71_1_a1.JPG,284
71_1_a2.JPG,284
71_1_a3.JPG,284
71_1_a4.JPG,284
71_1_ar1.JPG,283
71_1_ar2.JPG,283
71_1_ar3.JPG,283
71_1_ar4.JPG,283
71_1_b1.JPG,283
71_1_b2.JPG,283
71_1_c1.JPG,283
71_1_c2.JPG,283
71_1_c3.JPG,283
71_1_c4.JPG,283
71_1_i1.JPG,283
71_1_i2.JPG,283
71_1_r1.JPG,284
71_1_r2.JPG,284
71_1_r3.JPG,284
71_1_r4.JPG,284
72_1.jpg,285
72_1_a1.jpg,286
72_1_a2.jpg,286
72_1_a3.jpg,286
72_1_a4.jpg,286
72_1_ar1.jpg,285
72_1_ar2.jpg,285
72_1_ar3.jpg,285
72_1_ar4.jpg,285
72_1_b1.jpg,285
72_1_b2.jpg,285
72_1_c1.jpg,285
72_1_c2.jpg,285
72_1_c3.jpg,285
72_1_c4.jpg,285
72_1_i1.jpg,285
72_1_i2.jpg,285
72_1_r1.jpg,286
72_1_r2.jpg,286
72_1_r3.jpg,286
72_1_r4.jpg,286
73_1.JPG,287
73_1_a1.JPG,288
73_1_a2.JPG,288
73_1_a3.JPG,288
73_1_a4.JPG,288
73_1_ar1.JPG,287
73_1_ar2.JPG,287
73_1_ar3.JPG,287
73_1_ar4.JPG,287
73_1_b1.JPG,287
73_1_b2.JPG,287
73_1_c1.JPG,287
73_1_c2.JPG,287
73_1_c3.JPG,287
73_1_c4.JPG,287
73_1_i1.JPG,287
73_1_i2.JPG,287
73_1_r1.JPG,288
73_1_r2.JPG,288
73_1_r3.JPG,288
73_1_r4.JPG,288
74_1.JPG,289
74_1_a1.JPG,290
74_1_a2.JPG,290
74_1_a3.JPG,290
74_1_a4.JPG,290
74_1_ar1.JPG,289
74_1_ar2.JPG,289
74_1_ar3.JPG,289
74_1_ar4.JPG,289
74_1_b1.JPG,289
74_1_b2.JPG,289
74_1_c1.JPG,289
74_1_c2.JPG,289
74_1_c3.JPG,289
74_1_c4.JPG,289
74_1_i1.JPG,289
74_1_i2.JPG,289
74_1_r1.JPG,290
74_1_r2.JPG,290
74_1_r3.JPG,290
74_1_r4.JPG,290
75_1.JPG,291
75_1_a1.JPG,292
75_1_a2.JPG,292
75_1_a3.JPG,292
75_1_a4.JPG,292
75_1_ar1.JPG,291
75_1_ar2.JPG,291
75_1_ar3.JPG,291
75_1_ar4.JPG,291
75_1_b1.JPG,291
75_1_b2.JPG,291
75_1_c1.JPG,291
75_1_c2.JPG,291
75_1_c3.JPG,291
75_1_c4.JPG,291
75_1_i1.JPG,291
75_1_i2.JPG,291
75_1_r1.JPG,292
75_1_r2.JPG,292
75_1_r3.JPG,292
75_1_r4.JPG,292
76_1.JPG,293
76_1_a1.JPG,294
76_1_a2.JPG,294
76_1_a3.JPG,294
76_1_a4.JPG,294
76_1_ar1.JPG,293
76_1_ar2.JPG,293
76_1_ar3.JPG,293
76_1_ar4.JPG,293
76_1_b1.JPG,293
76_1_b2.JPG,293
76_1_c1.JPG,293
76_1_c2.JPG,293
76_1_c3.JPG,293
76_1_c4.JPG,293
76_1_i1.JPG,293
76_1_i2.JPG,293
76_1_r1.JPG,294
76_1_r2.JPG,294
76_1_r3.JPG,294
76_1_r4.JPG,294
77_1.JPG,295
77_1_a1.JPG,296
77_1_a2.JPG,296
77_1_a3.JPG,296
77_1_a4.JPG,296
77_1_ar1.JPG,295
77_1_ar2.JPG,295
77_1_ar3.JPG,295
77_1_ar4.JPG,295
77_1_b1.JPG,295
77_1_b2.JPG,295
77_1_c1.JPG,295
77_1_c2.JPG,295
77_1_c3.JPG,295
77_1_c4.JPG,295
77_1_i1.JPG,295
77_1_i2.JPG,295
77_1_r1.JPG,296
77_1_r2.JPG,296
77_1_r3.JPG,296
77_1_r4.JPG,296
78_1.JPG,297
78_1_a1.JPG,298
78_1_a2.JPG,298
78_1_a3.JPG,298
78_1_a4.JPG,298
78_1_ar1.JPG,297
78_1_ar2.JPG,297
78_1_ar3.JPG,297
78_1_ar4.JPG,297
78_1_b1.JPG,297
78_1_b2.JPG,297
78_1_c1.JPG,297
78_1_c2.JPG,297
78_1_c3.JPG,297
78_1_c4.JPG,297
78_1_i1.JPG,297
78_1_i2.JPG,297
78_1_r1.JPG,298
78_1_r2.JPG,298
78_1_r3.JPG,298
78_1_r4.JPG,298
79_1.JPG,299
79_1_a1.JPG,300
79_1_a2.JPG,300
79_1_a3.JPG,300
79_1_a4.JPG,300
79_1_ar1.JPG,299
79_1_ar2.JPG,299
79_1_ar3.JPG,299
79_1_ar4.JPG,299
79_1_b1.JPG,299
79_1_b2.JPG,299
79_1_c1.JPG,299
79_1_c2.JPG,299
79_1_c3.JPG,299
79_1_c4.JPG,299
79_1_i1.JPG,299
79_1_i2.JPG,299
79_1_r1.JPG,300
79_1_r2.JPG,300
79_1_r3.JPG,300
79_1_r4.JPG,300
80_1.JPG,301
80_1_a1.JPG,302
80_1_a2.JPG,302
80_1_a3.JPG,302
80_1_a4.JPG,302
80_1_ar1.JPG,301
80_1_ar2.JPG,301
80_1_ar3.JPG,301
80_1_ar4.JPG,301
80_1_b1.JPG,301
80_1_b2.JPG,301
80_1_c1.JPG,301
80_1_c2.JPG,301
80_1_c3.JPG,301
80_1_c4.JPG,301
80_1_i1.JPG,301
80_1_i2.JPG,301
80_1_r1.JPG,302
80_1_r2.JPG,302
80_1_r3.JPG,302
80_1_r4.JPG,302
80_2.JPG,303
80_2_a1.JPG,304
80_2_a2.JPG,304
80_2_a3.JPG,304
80_2_a4.JPG,304
80_2_ar1.JPG,303
80_2_ar2.JPG,303
80_2_ar3.JPG,303
80_2_ar4.JPG,303
80_2_b1.JPG,303
80_2_b2.JPG,303
80_2_c1.JPG,303
80_2_c2.JPG,303
80_2_c3.JPG,303
80_2_c4.JPG,303
80_2_i1.JPG,303
80_2_i2.JPG,303
80_2_r1.JPG,304
80_2_r2.JPG,304
80_2_r3.JPG,304
80_2_r4.JPG,304
81_1.JPG,305
81_1_a1.JPG,306
81_1_a2.JPG,306
81_1_a3.JPG,306
81_1_a4.JPG,306
81_1_ar1.JPG,305
81_1_ar2.JPG,305
81_1_ar3.JPG,305
81_1_ar4.JPG,305
81_1_b1.JPG,305
81_1_b2.JPG,305
81_1_c1.JPG,305
81_1_c2.JPG,305
81_1_c3.JPG,305
81_1_c4.JPG,305
81_1_i1.JPG,305
81_1_i2.JPG,305
81_1_r1.JPG,306
81_1_r2.JPG,306
81_1_r3.JPG,306
81_1_r4.JPG,306
82_1.JPG,307
82_1_a1.JPG,308
82_1_a2.JPG,308
82_1_a3.JPG,308
82_1_a4.JPG,308
82_1_ar1.JPG,307
82_1_ar2.JPG,307
82_1_ar3.JPG,307
82_1_ar4.JPG,307
82_1_b1.JPG,307
82_1_b2.JPG,307
82_1_c1.JPG,307
82_1_c2.JPG,307
82_1_c3.JPG,307
82_1_c4.JPG,307
82_1_i1.JPG,307
82_1_i2.JPG,307
82_1_r1.JPG,308
82_1_r2.JPG,308
82_1_r3.JPG,308
82_1_r4.JPG,308
83_1.JPG,309
83_1_a1.JPG,310
83_1_a2.JPG,310
83_1_a3.JPG,310
83_1_a4.JPG,310
83_1_ar1.JPG,309
83_1_ar2.JPG,309
83_1_ar3.JPG,309
83_1_ar4.JPG,309
83_1_b1.JPG,309
83_1_b2.JPG,309
83_1_c1.JPG,309
83_1_c2.JPG,309
83_1_c3.JPG,309
83_1_c4.JPG,309
83_1_i1.JPG,309
83_1_i2.JPG,309
83_1_r1.JPG,310
83_1_r2.JPG,310
83_1_r3.JPG,310
83_1_r4.JPG,310
84_1.JPG,311
84_1_a1.JPG,312
84_1_a2.JPG,312
84_1_a3.JPG,312
84_1_a4.JPG,312
84_1_ar1.JPG,311
84_1_ar2.JPG,311
84_1_ar3.JPG,311
84_1_ar4.JPG,311
84_1_b1.JPG,311
84_1_b2.JPG,311
84_1_c1.JPG,311
84_1_c2.JPG,311
84_1_c3.JPG,311
84_1_c4.JPG,311
84_1_i1.JPG,311
84_1_i2.JPG,311
84_1_r1.JPG,312
84_1_r2.JPG,312
84_1_r3.JPG,312
84_1_r4.JPG,312
85_1.JPG,313
85_1_a1.JPG,314
85_1_a2.JPG,314
85_1_a3.JPG,314
85_1_a4.JPG,314
85_1_ar1.JPG,313
85_1_ar2.JPG,313
85_1_ar3.JPG,313
85_1_ar4.JPG,313
85_1_b1.JPG,313
85_1_b2.JPG,313
85_1_c1.JPG,313
85_1_c2.JPG,313
85_1_c3.JPG,313
85_1_c4.JPG,313
85_1_i1.JPG,313
85_1_i2.JPG,313
85_1_r1.JPG,314
85_1_r2.JPG,314
85_1_r3.JPG,314
85_1_r4.JPG,314
86_1.JPG,315
86_1_a1.JPG,316
86_1_a2.JPG,316
86_1_a3.JPG,316
86_1_a4.JPG,316
86_1_ar1.JPG,315
86_1_ar2.JPG,315
86_1_ar3.JPG,315
86_1_ar4.JPG,315
86_1_b1.JPG,315
86_1_b2.JPG,315
86_1_c1.JPG,315
86_1_c2.JPG,315
86_1_c3.JPG,315
86_1_c4.JPG,315
86_1_i1.JPG,315
86_1_i2.JPG,315
86_1_r1.JPG,316
86_1_r2.JPG,316
86_1_r3.JPG,316
86_1_r4.JPG,316
87_1.JPG,317
87_1_a1.JPG,318
87_1_a2.JPG,318
87_1_a3.JPG,318
87_1_a4.JPG,318
87_1_ar1.JPG,317
87_1_ar2.JPG,317
87_1_ar3.JPG,317
87_1_ar4.JPG,317
87_1_b1.JPG,317
87_1_b2.JPG,317
87_1_c1.JPG,317
87_1_c2.JPG,317
87_1_c3.JPG,317
87_1_c4.JPG,317
87_1_i1.JPG,317
87_1_i2.JPG,317
87_1_r1.JPG,318
87_1_r2.JPG,318
87_1_r3.JPG,318
87_1_r4.JPG,318
88_1.JPG,319
88_1_a1.JPG,320
88_1_a2.JPG,320
88_1_a3.JPG,320
88_1_a4.JPG,320
88_1_ar1.JPG,319
88_1_ar2.JPG,319
88_1_ar3.JPG,319
88_1_ar4.JPG,319
88_1_b1.JPG,319
88_1_b2.JPG,319
88_1_c1.JPG,319
88_1_c2.JPG,319
88_1_c3.JPG,319
88_1_c4.JPG,319
88_1_i1.JPG,319
88_1_i2.JPG,319
88_1_r1.JPG,320
88_1_r2.JPG,320
88_1_r3.JPG,320
88_1_r4.JPG,320
89_1.JPG,321
89_1_a1.JPG,322
89_1_a2.JPG,322
89_1_a3.JPG,322
89_1_a4.JPG,322
89_1_ar1.JPG,321
89_1_ar2.JPG,321
89_1_ar3.JPG,321
89_1_ar4.JPG,321
89_1_b1.JPG,321
89_1_b2.JPG,321
89_1_c1.JPG,321
89_1_c2.JPG,321
89_1_c3.JPG,321
89_1_c4.JPG,321
89_1_i1.JPG,321
89_1_i2.JPG,321
89_1_r1.JPG,322
89_1_r2.JPG,322
89_1_r3.JPG,322
89_1_r4.JPG,322
90_1.JPG,323
90_1_a1.JPG,324
90_1_a2.JPG,324
90_1_a3.JPG,324
90_1_a4.JPG,324
90_1_ar1.JPG,323
90_1_ar2.JPG,323
90_1_ar3.JPG,323
90_1_ar4.JPG,323
90_1_b1.JPG,323
90_1_b2.JPG,323
90_1_c1.JPG,323
90_1_c2.JPG,323
90_1_c3.JPG,323
90_1_c4.JPG,323
90_1_i1.JPG,323
90_1_i2.JPG,323
90_1_r1.JPG,324
90_1_r2.JPG,324
90_1_r3.JPG,324
90_1_r4.JPG,324
91_1.JPG,325
91_1_a1.JPG,326
91_1_a2.JPG,326
91_1_a3.JPG,326
91_1_a4.JPG,326
91_1_ar1.JPG,325
91_1_ar2.JPG,325
91_1_ar3.JPG,325
91_1_ar4.JPG,325
91_1_b1.JPG,325
91_1_b2.JPG,325
91_1_c1.JPG,325
91_1_c2.JPG,325
91_1_c3.JPG,325
91_1_c4.JPG,325
91_1_i1.JPG,325
91_1_i2.JPG,325
91_1_r1.JPG,326
91_1_r2.JPG,326
91_1_r3.JPG,326
91_1_r4.JPG,326
92_1.JPG,327
92_1_a1.JPG,328
92_1_a2.JPG,328
92_1_a3.JPG,328
92_1_a4.JPG,328
92_1_ar1.JPG,327
92_1_ar2.JPG,327
92_1_ar3.JPG,327
92_1_ar4.JPG,327
92_1_b1.JPG,327
92_1_b2.JPG,327
92_1_c1.JPG,327
92_1_c2.JPG,327
92_1_c3.JPG,327
92_1_c4.JPG,327
92_1_i1.JPG,327
92_1_i2.JPG,327
92_1_r1.JPG,328
92_1_r2.JPG,328
92_1_r3.JPG,328
92_1_r4.JPG,328
93_1.JPG,329
93_1_a1.JPG,330
93_1_a2.JPG,330
93_1_a3.JPG,330
93_1_a4.JPG,330
93_1_ar1.JPG,329
93_1_ar2.JPG,329
93_1_ar3.JPG,329
93_1_ar4.JPG,329
93_1_b1.JPG,329
93_1_b2.JPG,329
93_1_c1.JPG,329
93_1_c2.JPG,329
93_1_c3.JPG,329
93_1_c4.JPG,329
93_1_i1.JPG,329
93_1_i2.JPG,329
93_1_r1.JPG,330
93_1_r2.JPG,330
93_1_r3.JPG,330
93_1_r4.JPG,330
94_1.jpg,331
94_1_a1.jpg,332
94_1_a2.jpg,332
94_1_a3.jpg,332
94_1_a4.jpg,332
94_1_ar1.jpg,331
94_1_ar2.jpg,331
94_1_ar3.jpg,331
94_1_ar4.jpg,331
94_1_b1.jpg,331
94_1_b2.jpg,331
94_1_c1.jpg,331
94_1_c2.jpg,331
94_1_c3.jpg,331
94_1_c4.jpg,331
94_1_i1.jpg,331
94_1_i2.jpg,331
94_1_r1.jpg,332
94_1_r2.jpg,332
94_1_r3.jpg,332
94_1_r4.jpg,332
95_1.JPG,333
95_1_a1.JPG,334
95_1_a2.JPG,334
95_1_a3.JPG,334
95_1_a4.JPG,334
95_1_ar1.JPG,333
95_1_ar2.JPG,333
95_1_ar3.JPG,333
95_1_ar4.JPG,333
95_1_b1.JPG,333
95_1_b2.JPG,333
95_1_c1.JPG,333
95_1_c2.JPG,333
95_1_c3.JPG,333
95_1_c4.JPG,333
95_1_i1.JPG,333
95_1_i2.JPG,333
95_1_r1.JPG,334
95_1_r2.JPG,334
95_1_r3.JPG,334
95_1_r4.JPG,334
96_1.JPG,335
96_1_a1.JPG,336
96_1_a2.JPG,336
96_1_a3.JPG,336
96_1_a4.JPG,336
96_1_ar1.JPG,335
96_1_ar2.JPG,335
96_1_ar3.JPG,335
96_1_ar4.JPG,335
96_1_b1.JPG,335
96_1_b2.JPG,335
96_1_c1.JPG,335
96_1_c2.JPG,335
96_1_c3.JPG,335
96_1_c4.JPG,335
96_1_i1.JPG,335
96_1_i2.JPG,335
96_1_r1.JPG,336
96_1_r2.JPG,336
96_1_r3.JPG,336
96_1_r4.JPG,336
97_1.JPG,337
97_1_a1.JPG,338
97_1_a2.JPG,338
97_1_a3.JPG,338
97_1_a4.JPG,338
97_1_ar1.JPG,337
97_1_ar2.JPG,337
97_1_ar3.JPG,337
97_1_ar4.JPG,337
97_1_b1.JPG,337
97_1_b2.JPG,337
97_1_c1.JPG,337
97_1_c2.JPG,337
97_1_c3.JPG,337
97_1_c4.JPG,337
97_1_i1.JPG,337
97_1_i2.JPG,337
97_1_r1.JPG,338
97_1_r2.JPG,338
97_1_r3.JPG,338
97_1_r4.JPG,338
98_1.JPG,339
98_1_a1.JPG,340
98_1_a2.JPG,340
98_1_a3.JPG,340
98_1_a4.JPG,340
98_1_ar1.JPG,339
98_1_ar2.JPG,339
98_1_ar3.JPG,339
98_1_ar4.JPG,339
98_1_b1.JPG,339
98_1_b2.JPG,339
98_1_c1.JPG,339
98_1_c2.JPG,339
98_1_c3.JPG,339
98_1_c4.JPG,339
98_1_i1.JPG,339
98_1_i2.JPG,339
98_1_r1.JPG,340
98_1_r2.JPG,340
98_1_r3.JPG,340
98_1_r4.JPG,340
99_1.JPG,341
99_1_a1.JPG,342
99_1_a2.JPG,342
99_1_a3.JPG,342
99_1_a4.JPG,342
99_1_ar1.JPG,341
99_1_ar2.JPG,341
99_1_ar3.JPG,341
99_1_ar4.JPG,341
99_1_b1.JPG,341
99_1_b2.JPG,341
99_1_c1.JPG,341
99_1_c2.JPG,341
99_1_c3.JPG,341
99_1_c4.JPG,341
99_1_i1.JPG,341
99_1_i2.JPG,341
99_1_r1.JPG,342
99_1_r2.JPG,342
99_1_r3.JPG,342
99_1_r4.JPG,342
100_1.jpg,343
100_1_a1.jpg,344
100_1_a2.jpg,344
100_1_a3.jpg,344
100_1_a4.jpg,344
100_1_ar1.jpg,343
100_1_ar2.jpg,343
100_1_ar3.jpg,343
100_1_ar4.jpg,343
100_1_b1.jpg,343
100_1_b2.jpg,343
100_1_c1.jpg,343
100_1_c2.jpg,343
100_1_c3.jpg,343
100_1_c4.jpg,343
100_1_i1.jpg,343
100_1_i2.jpg,343
100_1_r1.jpg,344
100_1_r2.jpg,344
100_1_r3.jpg,344
100_1_r4.jpg,344
101_1.jpg,345
101_1_a1.jpg,346
101_1_a2.jpg,346
101_1_a3.jpg,346
101_1_a4.jpg,346
101_1_ar1.jpg,345
101_1_ar2.jpg,345
101_1_ar3.jpg,345
101_1_ar4.jpg,345
101_1_b1.jpg,345
101_1_b2.jpg,345
101_1_c1.jpg,345
101_1_c2.jpg,345
101_1_c3.jpg,345
101_1_c4.jpg,345
101_1_i1.jpg,345
101_1_i2.jpg,345
101_1_r1.jpg,346
101_1_r2.jpg,346
101_1_r3.jpg,346
101_1_r4.jpg,346
102_1.JPG,347
102_1_a1.JPG,348
102_1_a2.JPG,348
102_1_a3.JPG,348
102_1_a4.JPG,348
102_1_ar1.JPG,347
102_1_ar2.JPG,347
102_1_ar3.JPG,347
102_1_ar4.JPG,347
102_1_b1.JPG,347
102_1_b2.JPG,347
102_1_c1.JPG,347
102_1_c2.JPG,347
102_1_c3.JPG,347
102_1_c4.JPG,347
102_1_i1.JPG,347
102_1_i2.JPG,347
102_1_r1.JPG,348
102_1_r2.JPG,348
102_1_r3.JPG,348
102_1_r4.JPG,348
103_1.JPG,349
103_1_a1.JPG,350
103_1_a2.JPG,350
103_1_a3.JPG,350
103_1_a4.JPG,350
103_1_ar1.JPG,349
103_1_ar2.JPG,349
103_1_ar3.JPG,349
103_1_ar4.JPG,349
103_1_b1.JPG,349
103_1_b2.JPG,349
103_1_c1.JPG,349
103_1_c2.JPG,349
103_1_c3.JPG,349
103_1_c4.JPG,349
103_1_i1.JPG,349
103_1_i2.JPG,349
103_1_r1.JPG,350
103_1_r2.JPG,350
103_1_r3.JPG,350
103_1_r4.JPG,350
103_2.JPG,351
103_2_a1.JPG,352
103_2_a2.JPG,352
103_2_a3.JPG,352
103_2_a4.JPG,352
103_2_ar1.JPG,351
103_2_ar2.JPG,351
103_2_ar3.JPG,351
103_2_ar4.JPG,351
103_2_b1.JPG,351
103_2_b2.JPG,351
103_2_c1.JPG,351
103_2_c2.JPG,351
103_2_c3.JPG,351
103_2_c4.JPG,351
103_2_i1.JPG,351
103_2_i2.JPG,351
103_2_r1.JPG,352
103_2_r2.JPG,352
103_2_r3.JPG,352
103_2_r4.JPG,352
104_1.JPG,353
104_1_a1.JPG,354
104_1_a2.JPG,354
104_1_a3.JPG,354
104_1_a4.JPG,354
104_1_ar1.JPG,353
104_1_ar2.JPG,353
104_1_ar3.JPG,353
104_1_ar4.JPG,353
104_1_b1.JPG,353
104_1_b2.JPG,353
104_1_c1.JPG,353
104_1_c2.JPG,353
104_1_c3.JPG,353
104_1_c4.JPG,353
104_1_i1.JPG,353
104_1_i2.JPG,353
104_1_r1.JPG,354
104_1_r2.JPG,354
104_1_r3.JPG,354
104_1_r4.JPG,354
105_1.JPG,355
105_1_a1.JPG,356
105_1_a2.JPG,356
105_1_a3.JPG,356
105_1_a4.JPG,356
105_1_ar1.JPG,355
105_1_ar2.JPG,355
105_1_ar3.JPG,355
105_1_ar4.JPG,355
105_1_b1.JPG,355
105_1_b2.JPG,355
105_1_c1.JPG,355
105_1_c2.JPG,355
105_1_c3.JPG,355
105_1_c4.JPG,355
105_1_i1.JPG,355
105_1_i2.JPG,355
105_1_r1.JPG,356
105_1_r2.JPG,356
105_1_r3.JPG,356
105_1_r4.JPG,356
106_1.jpg,357
106_1_a1.jpg,358
106_1_a2.jpg,358
106_1_a3.jpg,358
106_1_a4.jpg,358
106_1_ar1.jpg,357
106_1_ar2.jpg,357
106_1_ar3.jpg,357
106_1_ar4.jpg,357
106_1_b1.jpg,357
106_1_b2.jpg,357
106_1_c1.jpg,357
106_1_c2.jpg,357
106_1_c3.jpg,357
106_1_c4.jpg,357
106_1_i1.jpg,357
106_1_i2.jpg,357
106_1_r1.jpg,358
106_1_r2.jpg,358
106_1_r3.jpg,358
106_1_r4.jpg,358
107_1.jpg,359
107_1_a1.jpg,360
107_1_a2.jpg,360
107_1_a3.jpg,360
107_1_a4.jpg,360
107_1_ar1.jpg,359
107_1_ar2.jpg,359
107_1_ar3.jpg,359
107_1_ar4.jpg,359
107_1_b1.jpg,359
107_1_b2.jpg,359
107_1_c1.jpg,359
107_1_c2.jpg,359
107_1_c3.jpg,359
107_1_c4.jpg,359
107_1_i1.jpg,359
107_1_i2.jpg,359
107_1_r1.jpg,360
107_1_r2.jpg,360
107_1_r3.jpg,360
107_1_r4.jpg,360
108_1.jpg,361
108_1_a1.jpg,362
108_1_a2.jpg,362
108_1_a3.jpg,362
108_1_a4.jpg,362
108_1_ar1.jpg,361
108_1_ar2.jpg,361
108_1_ar3.jpg,361
108_1_ar4.jpg,361
108_1_b1.jpg,361
108_1_b2.jpg,361
108_1_c1.jpg,361
108_1_c2.jpg,361
108_1_c3.jpg,361
108_1_c4.jpg,361
108_1_i1.jpg,361
108_1_i2.jpg,361
108_1_r1.jpg,362
108_1_r2.jpg,362
108_1_r3.jpg,362
108_1_r4.jpg,362
109_1.jpg,363
109_1_a1.jpg,364
109_1_a2.jpg,364
109_1_a3.jpg,364
109_1_a4.jpg,364
109_1_ar1.jpg,363
109_1_ar2.jpg,363
109_1_ar3.jpg,363
109_1_ar4.jpg,363
109_1_b1.jpg,363
109_1_b2.jpg,363
109_1_c1.jpg,363
109_1_c2.jpg,363
109_1_c3.jpg,363
109_1_c4.jpg,363
109_1_i1.jpg,363
109_1_i2.jpg,363
109_1_r1.jpg,364
109_1_r2.jpg,364
109_1_r3.jpg,364
109_1_r4.jpg,364
110_1.JPG,365
110_1_a1.JPG,366
110_1_a2.JPG,366
110_1_a3.JPG,366
110_1_a4.JPG,366
110_1_ar1.JPG,365
110_1_ar2.JPG,365
110_1_ar3.JPG,365
110_1_ar4.JPG,365
110_1_b1.JPG,365
110_1_b2.JPG,365
110_1_c1.JPG,365
110_1_c2.JPG,365
110_1_c3.JPG,365
110_1_c4.JPG,365
110_1_i1.JPG,365
110_1_i2.JPG,365
110_1_r1.JPG,366
110_1_r2.JPG,366
110_1_r3.JPG,366
110_1_r4.JPG,366
111_1.JPG,367
111_1_a1.JPG,368
111_1_a2.JPG,368
111_1_a3.JPG,368
111_1_a4.JPG,368
111_1_ar1.JPG,367
111_1_ar2.JPG,367
111_1_ar3.JPG,367
111_1_ar4.JPG,367
111_1_b1.JPG,367
111_1_b2.JPG,367
111_1_c1.JPG,367
111_1_c2.JPG,367
111_1_c3.JPG,367
111_1_c4.JPG,367
111_1_i1.JPG,367
111_1_i2.JPG,367
111_1_r1.JPG,368
111_1_r2.JPG,368
111_1_r3.JPG,368
111_1_r4.JPG,368
112_1.JPG,369
112_1_a1.JPG,370
112_1_a2.JPG,370
112_1_a3.JPG,370
112_1_a4.JPG,370
112_1_ar1.JPG,369
112_1_ar2.JPG,369
112_1_ar3.JPG,369
112_1_ar4.JPG,369
112_1_b1.JPG,369
112_1_b2.JPG,369
112_1_c1.JPG,369
112_1_c2.JPG,369
112_1_c3.JPG,369
112_1_c4.JPG,369
112_1_i1.JPG,369
112_1_i2.JPG,369
112_1_r1.JPG,370
112_1_r2.JPG,370
112_1_r3.JPG,370
112_1_r4.JPG,370
113_1.JPG,371
113_1_a1.JPG,372
113_1_a2.JPG,372
113_1_a3.JPG,372
113_1_a4.JPG,372
113_1_ar1.JPG,371
113_1_ar2.JPG,371
113_1_ar3.JPG,371
113_1_ar4.JPG,371
113_1_b1.JPG,371
113_1_b2.JPG,371
113_1_c1.JPG,371
113_1_c2.JPG,371
113_1_c3.JPG,371
113_1_c4.JPG,371
113_1_i1.JPG,371
113_1_i2.JPG,371
113_1_r1.JPG,372
113_1_r2.JPG,372
113_1_r3.JPG,372
113_1_r4.JPG,372
114_1.JPG,373
114_1_a1.JPG,374
114_1_a2.JPG,374
114_1_a3.JPG,374
114_1_a4.JPG,374
114_1_ar1.JPG,373
114_1_ar2.JPG,373
114_1_ar3.JPG,373
114_1_ar4.JPG,373
114_1_b1.JPG,373
114_1_b2.JPG,373
114_1_c1.JPG,373
114_1_c2.JPG,373
114_1_c3.JPG,373
114_1_c4.JPG,373
114_1_i1.JPG,373
114_1_i2.JPG,373
114_1_r1.JPG,374
114_1_r2.JPG,374
114_1_r3.JPG,374
114_1_r4.JPG,374
115_1.JPG,375
115_1_a1.JPG,376
115_1_a2.JPG,376
115_1_a3.JPG,376
115_1_a4.JPG,376
115_1_ar1.JPG,375
115_1_ar2.JPG,375
115_1_ar3.JPG,375
115_1_ar4.JPG,375
115_1_b1.JPG,375
115_1_b2.JPG,375
115_1_c1.JPG,375
115_1_c2.JPG,375
115_1_c3.JPG,375
115_1_c4.JPG,375
115_1_i1.JPG,375
115_1_i2.JPG,375
115_1_r1.JPG,376
115_1_r2.JPG,376
115_1_r3.JPG,376
115_1_r4.JPG,376
116_1.JPG,377
116_1_a1.JPG,378
116_1_a2.JPG,378
116_1_a3.JPG,378
116_1_a4.JPG,378
116_1_ar1.JPG,377
116_1_ar2.JPG,377
116_1_ar3.JPG,377
116_1_ar4.JPG,377
116_1_b1.JPG,377
116_1_b2.JPG,377
116_1_c1.JPG,377
116_1_c2.JPG,377
116_1_c3.JPG,377
116_1_c4.JPG,377
116_1_i1.JPG,377
116_1_i2.JPG,377
116_1_r1.JPG,378
116_1_r2.JPG,378
116_1_r3.JPG,378
116_1_r4.JPG,378
117_1.JPG,379
117_1_a1.JPG,380
117_1_a2.JPG,380
117_1_a3.JPG,380
117_1_a4.JPG,380
117_1_ar1.JPG,379
117_1_ar2.JPG,379
117_1_ar3.JPG,379
117_1_ar4.JPG,379
117_1_b1.JPG,379
117_1_b2.JPG,379
117_1_c1.JPG,379
117_1_c2.JPG,379
117_1_c3.JPG,379
117_1_c4.JPG,379
117_1_i1.JPG,379
117_1_i2.JPG,379
117_1_r1.JPG,380
117_1_r2.JPG,380
117_1_r3.JPG,380
117_1_r4.JPG,380
118_1.JPG,381
118_1_a1.JPG,382
118_1_a2.JPG,382
118_1_a3.JPG,382
118_1_a4.JPG,382
118_1_ar1.JPG,381
118_1_ar2.JPG,381
118_1_ar3.JPG,381
118_1_ar4.JPG,381
118_1_b1.JPG,381
118_1_b2.JPG,381
118_1_c1.JPG,381
118_1_c2.JPG,381
118_1_c3.JPG,381
118_1_c4.JPG,381
118_1_i1.JPG,381
118_1_i2.JPG,381
118_1_r1.JPG,382
118_1_r2.JPG,382
118_1_r3.JPG,382
118_1_r4.JPG,382
119_1.JPG,383
119_1_a1.JPG,384
119_1_a2.JPG,384
119_1_a3.JPG,384
119_1_a4.JPG,384
119_1_ar1.JPG,383
119_1_ar2.JPG,383
119_1_ar3.JPG,383
119_1_ar4.JPG,383
119_1_b1.JPG,383
119_1_b2.JPG,383
119_1_c1.JPG,383
119_1_c2.JPG,383
119_1_c3.JPG,383
119_1_c4.JPG,383
119_1_i1.JPG,383
119_1_i2.JPG,383
119_1_r1.JPG,384
119_1_r2.JPG,384
119_1_r3.JPG,384
119_1_r4.JPG,384
120_1.JPG,385
120_1_a1.JPG,386
120_1_a2.JPG,386
120_1_a3.JPG,386
120_1_a4.JPG,386
120_1_ar1.JPG,385
120_1_ar2.JPG,385
120_1_ar3.JPG,385
120_1_ar4.JPG,385
120_1_b1.JPG,385
120_1_b2.JPG,385
120_1_c1.JPG,385
120_1_c2.JPG,385
120_1_c3.JPG,385
120_1_c4.JPG,385
120_1_i1.JPG,385
120_1_i2.JPG,385
120_1_r1.JPG,386
120_1_r2.JPG,386
120_1_r3.JPG,386
120_1_r4.JPG,386
121_1.JPG,387
121_1_a1.JPG,388
121_1_a2.JPG,388
121_1_a3.JPG,388
121_1_a4.JPG,388
121_1_ar1.JPG,387
121_1_ar2.JPG,387
121_1_ar3.JPG,387
121_1_ar4.JPG,387
121_1_b1.JPG,387
121_1_b2.JPG,387
121_1_c1.JPG,387
121_1_c2.JPG,387
121_1_c3.JPG,387
121_1_c4.JPG,387
121_1_i1.JPG,387
121_1_i2.JPG,387
121_1_r1.JPG,388
121_1_r2.JPG,388
121_1_r3.JPG,388
121_1_r4.JPG,388
122_1.JPG,389
122_1_a1.JPG,390
122_1_a2.JPG,390
122_1_a3.JPG,390
122_1_a4.JPG,390
122_1_ar1.JPG,389
122_1_ar2.JPG,389
122_1_ar3.JPG,389
122_1_ar4.JPG,389
122_1_b1.JPG,389
122_1_b2.JPG,389
122_1_c1.JPG,389
122_1_c2.JPG,389
122_1_c3.JPG,389
122_1_c4.JPG,389
122_1_i1.JPG,389
122_1_i2.JPG,389
122_1_r1.JPG,390
122_1_r2.JPG,390
122_1_r3.JPG,390
122_1_r4.JPG,390
123_1.JPG,391
123_1_a1.JPG,392
123_1_a2.JPG,392
123_1_a3.JPG,392
123_1_a4.JPG,392
123_1_ar1.JPG,391
123_1_ar2.JPG,391
123_1_ar3.JPG,391
123_1_ar4.JPG,391
123_1_b1.JPG,391
123_1_b2.JPG,391
123_1_c1.JPG,391
123_1_c2.JPG,391
123_1_c3.JPG,391
123_1_c4.JPG,391
123_1_i1.JPG,391
123_1_i2.JPG,391
123_1_r1.JPG,392
123_1_r2.JPG,392
123_1_r3.JPG,392
123_1_r4.JPG,392
124_1.JPG,393
124_1_a1.JPG,394
124_1_a2.JPG,394
124_1_a3.JPG,394
124_1_a4.JPG,394
124_1_ar1.JPG,393
124_1_ar2.JPG,393
124_1_ar3.JPG,393
124_1_ar4.JPG,393
124_1_b1.JPG,393
124_1_b2.JPG,393
124_1_c1.JPG,393
124_1_c2.JPG,393
124_1_c3.JPG,393
124_1_c4.JPG,393
124_1_i1.JPG,393
124_1_i2.JPG,393
124_1_r1.JPG,394
124_1_r2.JPG,394
124_1_r3.JPG,394
124_1_r4.JPG,394
125_1.jpg,395
125_1_a1.jpg,396
125_1_a2.jpg,396
125_1_a3.jpg,396
125_1_a4.jpg,396
125_1_ar1.jpg,395
125_1_ar2.jpg,395
125_1_ar3.jpg,395
125_1_ar4.jpg,395
125_1_b1.jpg,395
125_1_b2.jpg,395
125_1_c1.jpg,395
125_1_c2.jpg,395
125_1_c3.jpg,395
125_1_c4.jpg,395
125_1_i1.jpg,395
125_1_i2.jpg,395
125_1_r1.jpg,396
125_1_r2.jpg,396
125_1_r3.jpg,396
125_1_r4.jpg,396
126_1.JPG,397
126_1_a1.JPG,398
126_1_a2.JPG,398
126_1_a3.JPG,398
126_1_a4.JPG,398
126_1_ar1.JPG,397
126_1_ar2.JPG,397
126_1_ar3.JPG,397
126_1_ar4.JPG,397
126_1_b1.JPG,397
126_1_b2.JPG,397
126_1_c1.JPG,397
126_1_c2.JPG,397
126_1_c3.JPG,397
126_1_c4.JPG,397
126_1_i1.JPG,397
126_1_i2.JPG,397
126_1_r1.JPG,398
126_1_r2.JPG,398
126_1_r3.JPG,398
126_1_r4.JPG,398
127_1.JPG,399
127_1_a1.JPG,400
127_1_a2.JPG,400
127_1_a3.JPG,400
127_1_a4.JPG,400
127_1_ar1.JPG,399
127_1_ar2.JPG,399
127_1_ar3.JPG,399
127_1_ar4.JPG,399
127_1_b1.JPG,399
127_1_b2.JPG,399
127_1_c1.JPG,399
127_1_c2.JPG,399
127_1_c3.JPG,399
127_1_c4.JPG,399
127_1_i1.JPG,399
127_1_i2.JPG,399
127_1_r1.JPG,400
127_1_r2.JPG,400
127_1_r3.JPG,400
127_1_r4.JPG,400
128_1.JPG,401
128_1_a1.JPG,402
128_1_a2.JPG,402
128_1_a3.JPG,402
128_1_a4.JPG,402
128_1_ar1.JPG,401
128_1_ar2.JPG,401
128_1_ar3.JPG,401
128_1_ar4.JPG,401
128_1_b1.JPG,401
128_1_b2.JPG,401
128_1_c1.JPG,401
128_1_c2.JPG,401
128_1_c3.JPG,401
128_1_c4.JPG,401
128_1_i1.JPG,401
128_1_i2.JPG,401
128_1_r1.JPG,402
128_1_r2.JPG,402
128_1_r3.JPG,402
128_1_r4.JPG,402
129_1.JPG,403
129_1_a1.JPG,404
129_1_a2.JPG,404
129_1_a3.JPG,404
129_1_a4.JPG,404
129_1_ar1.JPG,403
129_1_ar2.JPG,403
129_1_ar3.JPG,403
129_1_ar4.JPG,403
129_1_b1.JPG,403
129_1_b2.JPG,403
129_1_c1.JPG,403
129_1_c2.JPG,403
129_1_c3.JPG,403
129_1_c4.JPG,403
129_1_i1.JPG,403
129_1_i2.JPG,403
129_1_r1.JPG,404
129_1_r2.JPG,404
129_1_r3.JPG,404
129_1_r4.JPG,404
130_1.JPG,405
130_1_a1.JPG,406
130_1_a2.JPG,406
130_1_a3.JPG,406
130_1_a4.JPG,406
130_1_ar1.JPG,405
130_1_ar2.JPG,405
130_1_ar3.JPG,405
130_1_ar4.JPG,405
130_1_b1.JPG,405
130_1_b2.JPG,405
130_1_c1.JPG,405
130_1_c2.JPG,405
130_1_c3.JPG,405
130_1_c4.JPG,405
130_1_i1.JPG,405
130_1_i2.JPG,405
130_1_r1.JPG,406
130_1_r2.JPG,406
130_1_r3.JPG,406
130_1_r4.JPG,406
131_1.jpg,407
131_1_a1.jpg,408
131_1_a2.jpg,408
131_1_a3.jpg,408
131_1_a4.jpg,408
131_1_ar1.jpg,407
131_1_ar2.jpg,407
131_1_ar3.jpg,407
131_1_ar4.jpg,407
131_1_b1.jpg,407
131_1_b2.jpg,407
131_1_c1.jpg,407
131_1_c2.jpg,407
131_1_c3.jpg,407
131_1_c4.jpg,407
131_1_i1.jpg,407
131_1_i2.jpg,407
131_1_r1.jpg,408
131_1_r2.jpg,408
131_1_r3.jpg,408
131_1_r4.jpg,408
132_1.JPG,409
132_1_a1.JPG,410
132_1_a2.JPG,410
132_1_a3.JPG,410
132_1_a4.JPG,410
132_1_ar1.JPG,409
132_1_ar2.JPG,409
132_1_ar3.JPG,409
132_1_ar4.JPG,409
132_1_b1.JPG,409
132_1_b2.JPG,409
132_1_c1.JPG,409
132_1_c2.JPG,409
132_1_c3.JPG,409
132_1_c4.JPG,409
132_1_i1.JPG,409
132_1_i2.JPG,409
132_1_r1.JPG,410
132_1_r2.JPG,410
132_1_r3.JPG,410
132_1_r4.JPG,410
133_1.jpg,411
133_1_a1.jpg,412
133_1_a2.jpg,412
133_1_a3.jpg,412
133_1_a4.jpg,412
133_1_ar1.jpg,411
133_1_ar2.jpg,411
133_1_ar3.jpg,411
133_1_ar4.jpg,411
133_1_b1.jpg,411
133_1_b2.jpg,411
133_1_c1.jpg,411
133_1_c2.jpg,411
133_1_c3.jpg,411
133_1_c4.jpg,411
133_1_i1.jpg,411
133_1_i2.jpg,411
133_1_r1.jpg,412
133_1_r2.jpg,412
133_1_r3.jpg,412
133_1_r4.jpg,412
134_1.JPG,413
134_1_a1.JPG,414
134_1_a2.JPG,414
134_1_a3.JPG,414
134_1_a4.JPG,414
134_1_ar1.JPG,413
134_1_ar2.JPG,413
134_1_ar3.JPG,413
134_1_ar4.JPG,413
134_1_b1.JPG,413
134_1_b2.JPG,413
134_1_c1.JPG,413
134_1_c2.JPG,413
134_1_c3.JPG,413
134_1_c4.JPG,413
134_1_i1.JPG,413
134_1_i2.JPG,413
134_1_r1.JPG,414
134_1_r2.JPG,414
134_1_r3.JPG,414
134_1_r4.JPG,414
135_1.JPG,415
135_1_a1.JPG,416
135_1_a2.JPG,416
135_1_a3.JPG,416
135_1_a4.JPG,416
135_1_ar1.JPG,415
135_1_ar2.JPG,415
135_1_ar3.JPG,415
135_1_ar4.JPG,415
135_1_b1.JPG,415
135_1_b2.JPG,415
135_1_c1.JPG,415
135_1_c2.JPG,415
135_1_c3.JPG,415
135_1_c4.JPG,415
135_1_i1.JPG,415
135_1_i2.JPG,415
135_1_r1.JPG,416
135_1_r2.JPG,416
135_1_r3.JPG,416
135_1_r4.JPG,416
136_1.JPG,417
136_1_a1.JPG,418
136_1_a2.JPG,418
136_1_a3.JPG,418
136_1_a4.JPG,418
136_1_ar1.JPG,417
136_1_ar2.JPG,417
136_1_ar3.JPG,417
136_1_ar4.JPG,417
136_1_b1.JPG,417
136_1_b2.JPG,417
136_1_c1.JPG,417
136_1_c2.JPG,417
136_1_c3.JPG,417
136_1_c4.JPG,417
136_1_i1.JPG,417
136_1_i2.JPG,417
136_1_r1.JPG,418
136_1_r2.JPG,418
136_1_r3.JPG,418
136_1_r4.JPG,418
137_1.JPG,419
137_1_a1.JPG,420
137_1_a2.JPG,420
137_1_a3.JPG,420
137_1_a4.JPG,420
137_1_ar1.JPG,419
137_1_ar2.JPG,419
137_1_ar3.JPG,419
137_1_ar4.JPG,419
137_1_b1.JPG,419
137_1_b2.JPG,419
137_1_c1.JPG,419
137_1_c2.JPG,419
137_1_c3.JPG,419
137_1_c4.JPG,419
137_1_i1.JPG,419
137_1_i2.JPG,419
137_1_r1.JPG,420
137_1_r2.JPG,420
137_1_r3.JPG,420
137_1_r4.JPG,420
138_1.JPG,421
138_1_a1.JPG,422
138_1_a2.JPG,422
138_1_a3.JPG,422
138_1_a4.JPG,422
138_1_ar1.JPG,421
138_1_ar2.JPG,421
138_1_ar3.JPG,421
138_1_ar4.JPG,421
138_1_b1.JPG,421
138_1_b2.JPG,421
138_1_c1.JPG,421
138_1_c2.JPG,421
138_1_c3.JPG,421
138_1_c4.JPG,421
138_1_i1.JPG,421
138_1_i2.JPG,421
138_1_r1.JPG,422
138_1_r2.JPG,422
138_1_r3.JPG,422
138_1_r4.JPG,422
139_1.jpg,423
139_1_a1.jpg,424
139_1_a2.jpg,424
139_1_a3.jpg,424
139_1_a4.jpg,424
139_1_ar1.jpg,423
139_1_ar2.jpg,423
139_1_ar3.jpg,423
139_1_ar4.jpg,423
139_1_b1.jpg,423
139_1_b2.jpg,423
139_1_c1.jpg,423
139_1_c2.jpg,423
139_1_c3.jpg,423
139_1_c4.jpg,423
139_1_i1.jpg,423
139_1_i2.jpg,423
139_1_r1.jpg,424
139_1_r2.jpg,424
139_1_r3.jpg,424
139_1_r4.jpg,424
140_1.jpg,425
140_1_a1.jpg,426
140_1_a2.jpg,426
140_1_a3.jpg,426
140_1_a4.jpg,426
140_1_ar1.jpg,425
140_1_ar2.jpg,425
140_1_ar3.jpg,425
140_1_ar4.jpg,425
140_1_b1.jpg,425
140_1_b2.jpg,425
140_1_c1.jpg,425
140_1_c2.jpg,425
140_1_c3.jpg,425
140_1_c4.jpg,425
140_1_i1.jpg,425
140_1_i2.jpg,425
140_1_r1.jpg,426
140_1_r2.jpg,426
140_1_r3.jpg,426
140_1_r4.jpg,426
141_1.jpg,427
141_1_a1.jpg,428
141_1_a2.jpg,428
141_1_a3.jpg,428
141_1_a4.jpg,428
141_1_ar1.jpg,427
141_1_ar2.jpg,427
141_1_ar3.jpg,427
141_1_ar4.jpg,427
141_1_b1.jpg,427
141_1_b2.jpg,427
141_1_c1.jpg,427
141_1_c2.jpg,427
141_1_c3.jpg,427
141_1_c4.jpg,427
141_1_i1.jpg,427
141_1_i2.jpg,427
141_1_r1.jpg,428
141_1_r2.jpg,428
141_1_r3.jpg,428
141_1_r4.jpg,428
142_1.jpg,429
142_1_a1.jpg,430
142_1_a2.jpg,430
142_1_a3.jpg,430
142_1_a4.jpg,430
142_1_ar1.jpg,429
142_1_ar2.jpg,429
142_1_ar3.jpg,429
142_1_ar4.jpg,429
142_1_b1.jpg,429
142_1_b2.jpg,429
142_1_c1.jpg,429
142_1_c2.jpg,429
142_1_c3.jpg,429
142_1_c4.jpg,429
142_1_i1.jpg,429
142_1_i2.jpg,429
142_1_r1.jpg,430
142_1_r2.jpg,430
142_1_r3.jpg,430
142_1_r4.jpg,430
143_1.jpg,431
143_1_a1.jpg,432
143_1_a2.jpg,432
143_1_a3.jpg,432
143_1_a4.jpg,432
143_1_ar1.jpg,431
143_1_ar2.jpg,431
143_1_ar3.jpg,431
143_1_ar4.jpg,431
143_1_b1.jpg,431
143_1_b2.jpg,431
143_1_c1.jpg,431
143_1_c2.jpg,431
143_1_c3.jpg,431
143_1_c4.jpg,431
143_1_i1.jpg,431
143_1_i2.jpg,431
143_1_r1.jpg,432
143_1_r2.jpg,432
143_1_r3.jpg,432
143_1_r4.jpg,432
144_1.JPG,433
144_1_a1.JPG,434
144_1_a2.JPG,434
144_1_a3.JPG,434
144_1_a4.JPG,434
144_1_ar1.JPG,433
144_1_ar2.JPG,433
144_1_ar3.JPG,433
144_1_ar4.JPG,433
144_1_b1.JPG,433
144_1_b2.JPG,433
144_1_c1.JPG,433
144_1_c2.JPG,433
144_1_c3.JPG,433
144_1_c4.JPG,433
144_1_i1.JPG,433
144_1_i2.JPG,433
144_1_r1.JPG,434
144_1_r2.JPG,434
144_1_r3.JPG,434
144_1_r4.JPG,434
145_1.JPG,435
145_1_a1.JPG,436
145_1_a2.JPG,436
145_1_a3.JPG,436
145_1_a4.JPG,436
145_1_ar1.JPG,435
145_1_ar2.JPG,435
145_1_ar3.JPG,435
145_1_ar4.JPG,435
145_1_b1.JPG,435
145_1_b2.JPG,435
145_1_c1.JPG,435
145_1_c2.JPG,435
145_1_c3.JPG,435
145_1_c4.JPG,435
145_1_i1.JPG,435
145_1_i2.JPG,435
145_1_r1.JPG,436
145_1_r2.JPG,436
145_1_r3.JPG,436
145_1_r4.JPG,436
146_1.JPG,437
146_1_a1.JPG,438
146_1_a2.JPG,438
146_1_a3.JPG,438
146_1_a4.JPG,438
146_1_ar1.JPG,437
146_1_ar2.JPG,437
146_1_ar3.JPG,437
146_1_ar4.JPG,437
146_1_b1.JPG,437
146_1_b2.JPG,437
146_1_c1.JPG,437
146_1_c2.JPG,437
146_1_c3.JPG,437
146_1_c4.JPG,437
146_1_i1.JPG,437
146_1_i2.JPG,437
146_1_r1.JPG,438
146_1_r2.JPG,438
146_1_r3.JPG,438
146_1_r4.JPG,438
147_1.JPG,439
147_1_a1.JPG,440
147_1_a2.JPG,440
147_1_a3.JPG,440
147_1_a4.JPG,440
147_1_ar1.JPG,439
147_1_ar2.JPG,439
147_1_ar3.JPG,439
147_1_ar4.JPG,439
147_1_b1.JPG,439
147_1_b2.JPG,439
147_1_c1.JPG,439
147_1_c2.JPG,439
147_1_c3.JPG,439
147_1_c4.JPG,439
147_1_i1.JPG,439
147_1_i2.JPG,439
147_1_r1.JPG,440
147_1_r2.JPG,440
147_1_r3.JPG,440
147_1_r4.JPG,440
148_1.JPG,441
148_1_a1.JPG,442
148_1_a2.JPG,442
148_1_a3.JPG,442
148_1_a4.JPG,442
148_1_ar1.JPG,441
148_1_ar2.JPG,441
148_1_ar3.JPG,441
148_1_ar4.JPG,441
148_1_b1.JPG,441
148_1_b2.JPG,441
148_1_c1.JPG,441
148_1_c2.JPG,441
148_1_c3.JPG,441
148_1_c4.JPG,441
148_1_i1.JPG,441
148_1_i2.JPG,441
148_1_r1.JPG,442
148_1_r2.JPG,442
148_1_r3.JPG,442
148_1_r4.JPG,442
149_1.jpg,443
149_1_a1.jpg,444
149_1_a2.jpg,444
149_1_a3.jpg,444
149_1_a4.jpg,444
149_1_ar1.jpg,443
149_1_ar2.jpg,443
149_1_ar3.jpg,443
149_1_ar4.jpg,443
149_1_b1.jpg,443
149_1_b2.jpg,443
149_1_c1.jpg,443
149_1_c2.jpg,443
149_1_c3.jpg,443
149_1_c4.jpg,443
149_1_i1.jpg,443
149_1_i2.jpg,443
149_1_r1.jpg,444
149_1_r2.jpg,444
149_1_r3.jpg,444
149_1_r4.jpg,444
150_1.jpg,445
150_1_a1.jpg,446
150_1_a2.jpg,446
150_1_a3.jpg,446
150_1_a4.jpg,446
150_1_ar1.jpg,445
150_1_ar2.jpg,445
150_1_ar3.jpg,445
150_1_ar4.jpg,445
150_1_b1.jpg,445
150_1_b2.jpg,445
150_1_c1.jpg,445
150_1_c2.jpg,445
150_1_c3.jpg,445
150_1_c4.jpg,445
150_1_i1.jpg,445
150_1_i2.jpg,445
150_1_r1.jpg,446
150_1_r2.jpg,446
150_1_r3.jpg,446
150_1_r4.jpg,446
151_1.JPG,447
151_1_a1.JPG,448
151_1_a2.JPG,448
151_1_a3.JPG,448
151_1_a4.JPG,448
151_1_ar1.JPG,447
151_1_ar2.JPG,447
151_1_ar3.JPG,447
151_1_ar4.JPG,447
151_1_b1.JPG,447
151_1_b2.JPG,447
151_1_c1.JPG,447
151_1_c2.JPG,447
151_1_c3.JPG,447
151_1_c4.JPG,447
151_1_i1.JPG,447
151_1_i2.JPG,447
151_1_r1.JPG,448
151_1_r2.JPG,448
151_1_r3.JPG,448
151_1_r4.JPG,448
152_1.JPG,449
152_1_a1.JPG,450
152_1_a2.JPG,450
152_1_a3.JPG,450
152_1_a4.JPG,450
152_1_ar1.JPG,449
152_1_ar2.JPG,449
152_1_ar3.JPG,449
152_1_ar4.JPG,449
152_1_b1.JPG,449
152_1_b2.JPG,449
152_1_c1.JPG,449
152_1_c2.JPG,449
152_1_c3.JPG,449
152_1_c4.JPG,449
152_1_i1.JPG,449
152_1_i2.JPG,449
152_1_r1.JPG,450
152_1_r2.JPG,450
152_1_r3.JPG,450
152_1_r4.JPG,450
153_1.JPG,451
153_1_a1.JPG,452
153_1_a2.JPG,452
153_1_a3.JPG,452
153_1_a4.JPG,452
153_1_ar1.JPG,451
153_1_ar2.JPG,451
153_1_ar3.JPG,451
153_1_ar4.JPG,451
153_1_b1.JPG,451
153_1_b2.JPG,451
153_1_c1.JPG,451
153_1_c2.JPG,451
153_1_c3.JPG,451
153_1_c4.JPG,451
153_1_i1.JPG,451
153_1_i2.JPG,451
153_1_r1.JPG,452
153_1_r2.JPG,452
153_1_r3.JPG,452
153_1_r4.JPG,452
154_1.JPG,453
154_1_a1.JPG,454
154_1_a2.JPG,454
154_1_a3.JPG,454
154_1_a4.JPG,454
154_1_ar1.JPG,453
154_1_ar2.JPG,453
154_1_ar3.JPG,453
154_1_ar4.JPG,453
154_1_b1.JPG,453
154_1_b2.JPG,453
154_1_c1.JPG,453
154_1_c2.JPG,453
154_1_c3.JPG,453
154_1_c4.JPG,453
154_1_i1.JPG,453
154_1_i2.JPG,453
154_1_r1.JPG,454
154_1_r2.JPG,454
154_1_r3.JPG,454
154_1_r4.JPG,454
155_1.JPG,455
155_1_a1.JPG,456
155_1_a2.JPG,456
155_1_a3.JPG,456
155_1_a4.JPG,456
155_1_ar1.JPG,455
155_1_ar2.JPG,455
155_1_ar3.JPG,455
155_1_ar4.JPG,455
155_1_b1.JPG,455
155_1_b2.JPG,455
155_1_c1.JPG,455
155_1_c2.JPG,455
155_1_c3.JPG,455
155_1_c4.JPG,455
155_1_i1.JPG,455
155_1_i2.JPG,455
155_1_r1.JPG,456
155_1_r2.JPG,456
155_1_r3.JPG,456
155_1_r4.JPG,456
156_1.JPG,457
156_1_a1.JPG,458
156_1_a2.JPG,458
156_1_a3.JPG,458
156_1_a4.JPG,458
156_1_ar1.JPG,457
156_1_ar2.JPG,457
156_1_ar3.JPG,457
156_1_ar4.JPG,457
156_1_b1.JPG,457
156_1_b2.JPG,457
156_1_c1.JPG,457
156_1_c2.JPG,457
156_1_c3.JPG,457
156_1_c4.JPG,457
156_1_i1.JPG,457
156_1_i2.JPG,457
156_1_r1.JPG,458
156_1_r2.JPG,458
156_1_r3.JPG,458
156_1_r4.JPG,458
157_1.JPG,459
157_1_a1.JPG,460
157_1_a2.JPG,460
157_1_a3.JPG,460
157_1_a4.JPG,460
157_1_ar1.JPG,459
157_1_ar2.JPG,459
157_1_ar3.JPG,459
157_1_ar4.JPG,459
157_1_b1.JPG,459
157_1_b2.JPG,459
157_1_c1.JPG,459
157_1_c2.JPG,459
157_1_c3.JPG,459
157_1_c4.JPG,459
157_1_i1.JPG,459
157_1_i2.JPG,459
157_1_r1.JPG,460
157_1_r2.JPG,460
157_1_r3.JPG,460
157_1_r4.JPG,460
158_1.JPG,461
158_1_a1.JPG,462
158_1_a2.JPG,462
158_1_a3.JPG,462
158_1_a4.JPG,462
158_1_ar1.JPG,461
158_1_ar2.JPG,461
158_1_ar3.JPG,461
158_1_ar4.JPG,461
158_1_b1.JPG,461
158_1_b2.JPG,461
158_1_c1.JPG,461
158_1_c2.JPG,461
158_1_c3.JPG,461
158_1_c4.JPG,461
158_1_i1.JPG,461
158_1_i2.JPG,461
158_1_r1.JPG,462
158_1_r2.JPG,462
158_1_r3.JPG,462
158_1_r4.JPG,462
159_1.JPG,463
159_1_a1.JPG,464
159_1_a2.JPG,464
159_1_a3.JPG,464
159_1_a4.JPG,464
159_1_ar1.JPG,463
159_1_ar2.JPG,463
159_1_ar3.JPG,463
159_1_ar4.JPG,463
159_1_b1.JPG,463
159_1_b2.JPG,463
159_1_c1.JPG,463
159_1_c2.JPG,463
159_1_c3.JPG,463
159_1_c4.JPG,463
159_1_i1.JPG,463
159_1_i2.JPG,463
159_1_r1.JPG,464
159_1_r2.JPG,463
159_1_r3.JPG,463
159_1_r4.JPG,463
